,text,Language,Language_index
0,seta to khubi bhaal have!,ben,0
1,m mase kono ullekhayogya tapapravaher dasha anubhav kara yyani.,ben,0
2,ei sabkatai darun lagno shunate.,ben,0
3,"tar prabandh, ya ki na tar agami bayer ekati uddhrutansh shoshankari chalachchitrer antarbhom vishwer ekati spost chhabi pradaan kare.",ben,0
4,"bartaman mammla, njity taar ekhtiar parityag kareque evan ekati viseshx prashasonic comiti upare bichaarasankrant karmkander bhaar nyast kareque.",ben,0
5,bharatvarsh halo vishal baichitrya evan baiparityer desh.,ben,0
6,"tahale, katakshaner path?",ben,0
7,"yaihok, bazarguli aapnar bikri vruddhite sahayak also, seguli ekati techsi vyavasa garh tulte evan aapnar nijasv bazaryogya brand sristir sahayak naya.",ben,0
8,kintu aapnake etao nischit karte have yate o byre ya evan anaya bachchader saathe khele.,ben,0
9,"kintu, besamrik parishebaguli, pulish evan sena chhil musalmnder nickktar sanrakshan.",ben,0
10,karte have! aami chai ei abhijeetata ekadam aladai hok.,ben,0
11,tara kii kii pradarshan kare?,ben,0
12,nishchalai anek daam padese.,ben,0
13,"han, drushyati khubi nrushans aar baparta hachche ye eta vastav ghatnar upar vitti kare tiri kara yar janya dekhata aro kathin hay the, abhinaya kara to sede dao.",ben,0
14,"aamir khan, yini era ag kakhano tar abhinaya jivan kono chhabir punrnirman karennie, prathamta sanshayapann chhillen chhabita kara nie, kintu tamil chhabi 'ghajani'-r asal abhineta surya, yini tanke balesillen, ""ekamatra tumii ei charitrer prati nyaibichaar karte parve"", sekatha shune trini ashvast han.",ben,0
15,"han, aami seconds yar parchi.",ben,0
16,"achha, eta kaaj haoya uchit.",ben,0
17,aami itimadhyei ei jyagagulo sampark anek padhesi aar agerbar amar aurangabad yawar samay chhil na.,ben,0
18,"ei shlokaguli madhye koekatite udghatner dharnti ullikhit ach, yeti halo jarathushtrer madhye shuddh manser pravesh evan manabjatike trini kii balben ta bale dewa.",ben,0
19,"bhalo samajik maryadasampann ingrej mahilara chhillen viral; shalyachikisak jan stuart 1785-te kanpur thek tar vaike lekhen: ""ekhankar mahilader aneke ladgate hiler mahilader tupi presentakari dokan thek evan keu keu to kavent garden evan old druri [18m shatabdeer shesher dike london patitavrittir suparichit elaka] thek aasa duhsahasini matra.""",ben,0
20,yate tumi beshi kare relax karte paro.,ben,0
21,yaoyar path ki amra chhabi tola chada aar kichu karte pari?,ben,0
22,okhankar islami sthapatya keman?,ben,0
23,bai!,ben,0
24,"shubh din, bhadramahodaya, artist's galariate aapnake swagatam!",ben,0
25,era madhye tomar pachhandai baa ki has?,ben,0
26,charti mul prastab chhil evan bivinn kshetre unnayaner agragati sang sang chudanta vyabaharguli paka kara have.,ben,0
27,british raza pratikruti pratisthapit karesil ashoker singh rajdhani.,ben,0
28,sab abhijetakei amra baliuder sang tulana kari.,ben,0
29,han aar eusos hal smacdown tag daler champiyan evan ark-bro hal r tag daler champiyan.,ben,0
30,vyaktigatvave shakha yawar prayojan ach ki?,ben,0
31,2006-era ekati kamanwealth gams evan 2010 o 2014-r du'ti eshian gemse bhartiya jatiya daler pratinidhitbakari pratham mahila basketball khelowar trini.,ben,0
32,evan 21ta gaan salut die rashtrapatike samrik abhivadan janano hayes.,ben,0
33,"udaharanswarup, siman blackbern evan jegawan kim dwara pradutt sangyatii halo jan palkinhorn-era paribhasha 'dharnamulak' athva 'gyantattvik' khandtabad: sei dharner khandtabad yeti ek dharner adhivachaner sang yukt tathy athva astitvagulike anaya dharan thek grihith anyanya tathy athva astitva die pratisthapit karaar caryakramer sang samparkit haowar fale tader madhye ekati sampark sthapan kare.",ben,0
34,"na, eta snatak o snatkottar stare carigari evan peshajanit corsegulikeo kabhar karbe.",ben,0
35,"ei prakriar vishad bivaran amader hiseber notevite pawa yave, daya kare eta dekun.",ben,0
36,"aakarshanasamuh, thakar vyavastha, sahayogi suyog-suvidha evan parikaamo halo paryatner mul upadan.",ben,0
37,hum...tahale thukapata keman have?,ben,0
38,taka tolar paddhati ki seta aami thik janina.,ben,0
39,1999-e motamuti 16 laksh paryatak cuba bhraman gie mott praia 190 koti dollar rajasav upadan karen bale cubar aadhikarikder anuman.,ben,0
40,"amar bandhavi taar border pariksha satyii bhalo karesil, tai yekono yogyata-vittik praveshikate se tekka dite parve.",ben,0
41,"197-era gazette bijdhpti jana ye, 2020-r madhye deshiya shabakder hay giesil.",ben,0
42,apnader gram ekhano percent conoo paridarshan hoyni?,ben,0
43,"paryaton shilper unnayan, parikalpana o niyantran vyavastha chada samajik, sanskruthik evan arthnaitik vikrutir fale bahat hate par ya paryatak o sthanian manusher samparker madhye die prativalit have.",ben,0
44,etake puttu bala has aar amra sadharant eta kalo chola die khai.,ben,0
45,"2014 saler kamanoelth gemase mahilader 55 keji freestyle vibhager quarter final babitar pratham pratipaksh chhil skatlander cathrin marsh yake se 92, 40 (shrenivinyas paent 4:1)-e prajeet kare.",ben,0
46,vichakshan doctor naki vichakshan rogiah ke car janya siddhanth neya?,ben,0
47,"eta ag haley sambhava hato, kintu ekhan eta nishidh kaaran kichu samay ag ekata durjetna ghatesil.",ben,0
48,aami satyii khub kautuhali hay padhesi.,ben,0
49,"saptaher mazkhane yadi keu aases evan booking kare ya, seta ki have?",ben,0
50,tumi ama jignes karte parte tomar kono kichu nie sahayya lagave ki na.,ben,0
51,eta shudhumatra eman kono jaga thekes dakhil kara yave yekhane ye kono ek paksh antatapakshe tirish din thekese.,ben,0
52,ekati matra channel kramavardhaman darshaker chahida pooran karte gie doordarshan anusthan khub shighrai taar shesh sima paunche ya.,ben,0
53,"mati manchitrer madhye anchalti prakritik bhugol, jalbayu evan udvidsmuh vittik bivinn dharner mati chihnitkaran, barnana evan chithran, jayga gie gaveshanar madhyam nischitkaran o gaveshanagarer tathy evan ek pramanya mul manchitre chithran antarbhukt.",ben,0
54,amar baba ekajan andh bhakt chhillen.,ben,0
55,ganti sarasari haowar karna kahinitike natki kare tulte sahayya karesil.,ben,0
56,"ei shapathe, nijer inat vivahit stree chada grihasth aar karo sang conorkam yaun sampark lipt hate parven na.",ben,0
57,"fasal-poorvavarti evan fasal-paravarty caryakramer janya runer madhye tader nijasv fasle kittnashak chhadano, nidan dewa, fasal tola, bachai, jharai evan paribahan antarbhukt thake.",ben,0
58,"punarnvikaran vrutti chadao, natun vrutti hiseve mott 60,000 vrutti vitharan karaar lakshya rakha hayes.",ben,0
59,"1261 (1999), 1265 (1999), 1296 (2000) evan 1314 (2000)-era nirna anusmaran karaar pare, 2000 saler 31she october jatisangha nirapatta parishad dwara sarvasmmatikram naari, shanti o nirapattar upar jatisangha nirapatta parishader 1325 (es/aar.i.es/1325) nirna newa hayesil.",ben,0
60,agamikal ambedakar jayanti!,ben,0
61,"2022 saler 12i august, ei upalakshye smiti thek ekati raktadan shibirero vyavastha kara has.",ben,0
62,"o, achha.",ben,0
63,"khar, yeta ekata asamiya khabar, shuru janya ekata bhaal pad.",ben,0
64,"sutarang, irane janapriya samaj madhyamgulo block kara hayes evan irani vikshover karna irane internet praharta bede gamee.",ben,0
65,"ei padakshepgulite bajater samast dikke antarbhukt karte have, yeman bhartuki, kar, vyaya evan binioga kamano.",ben,0
66,charge o bhada kat?,ben,0
67,"avedankarira, yader badus 40-era beshi naya tader kono medical sartifiketer prayojan nei.",ben,0
68,amar kache campas nirdeshikar ekata cafe royas yekhane eta bala ach.,ben,0
69,ride yawar samay bar karbe ki kare?,ben,0
70,pratham 7.5 lakh aar pare 15 dekhachque.,ben,0
71,"bala has ye, trini ei vishwer aadhyatmik dicti parivarte paarthiv dicti alokit karellen evan tai jarathushtra dwara nindit.",ben,0
72,amanki sathik jal sarvaraher davite ei afiser saman amader ekabar pratibad janate hayes.,ben,0
73,"chalo apeksha kari, dekhi.",ben,0
74,"kono credit card acount ekamatra tindiner thek beshi samay dhare parishodhatit thackle, setic parishodhatit hisabe bank amanath tathy sansthagulike (siaisy) janave athva jarimana jari karbe yeman parishodhe deri jarimana ityadi.",ben,0
75,aami visesh kare avak haesi ye se taar pratham chhabitei katta bhalo kareque!,ben,0
76,"kamanoelther byrer deshgulike sadasya haowar suyog kare dite imperiyal cricket kanapharence namoti antarjatik cricket council (paravartikale, council)-e roopantarit kara has.",ben,0
77,minar veshirabhag samari vid tave visesh kare november thek marcher madhye veshi kaaran eta dekhar atai sabche bhalo samay.,ben,0
78,"bahu grambasir tvaker samasya hate dekhe, amra eta vyabhhar kara bandh kare diesi.",ben,0
79,"eter byreta khasta, bhitarta naram aar rasalo, evan vetrer dhonyat gandhata khub bhaal.",ben,0
80,asha karchi ekata puraskar yen paai.,ben,0
81,anaya kono buthei tumi bhotere yogyata pave na.,ben,0
82,kuchkawaj shuru hay gamee?,ben,0
83,mughal shasan yug bahu upadalian sikh samprada gathit has.,ben,0
84,viseshbhave sakshamder bhot dewar janya visesh suvidha ach ki?,ben,0
85,ei samargulote charam abhawa paristiter sammukhin haoya sthangulor madhye orisa ekata.,ben,0
86,nathibhukti karaar samay ki amader kono medical sartyphicket dite have?,ben,0
87,haha! seta tader barhti usah deya.,ben,0
88,"han trini karechillen, tarapar iees afiser brahma datter bhumika mithun chakravartyo achen.",ben,0
89,"bhanuatu evan saloman dwipapunj prakritik aakarshaner dik die cono anshe kam naya, tave yehetu ei duti desh paryatak kam has sehetu ei anchaler aakarshangulike veshirabhag kshetre yatharth muly dewa has na.",ben,0
90,"august 2006-e uttarer gricetio aantansamyukta has, yar fale ekasang samyukta evan ek companke kaaj kara ekati centrian grid rupayit has.",ben,0
91,"muridder sakhana magate diop namer ekajan mahila marabut chhillen, yini uttaradhikar sutre tar pitar padprapth.",ben,0
92,"oh, eta to khub gurutar baper.",ben,0
93,"anekdiner janya bari sede yete amar bhalo lag na, kintu tomar mato kare khola mane chay dekhar cheshta karabo.",ben,0
94,"han, balun aapnake kibhave sahayya karte pari?",ben,0
95,"persvar prushthaposhakta ekadhik paryaton centra thek paryatakder janya kichu thakar jaga, resorts o hotel bhramanakarider thakate dewa o tathy pradaner janya evan nirdeshit bhramneroo vyavastha kare dewar janya chalano has.",ben,0
96,rajkot paunche parer din sakale aami swasthy aadhikariker kache hazira dii.,ben,0
97,satti asana sah ekakkshavisisht ekati cocos (keeling) dweep shayar parishader astitvao sekhane royas.,ben,0
98,"bil balte landline bil, vidyuter bil baa jaler biler katha balchi.",ben,0
99,aar agulo adate ekata chhuti mejaj nie aases.,ben,0
100,"vashishth evar raza dike firlen evan vinitavave ballen: ""raja,aponi ekabar pratishruti die ashwikar karale ta aapnar kshetre kharap have.",ben,0
101,"sangati laver bharsamgulii pratham, ekadik taala thackle seguli nagal pete evan khulte beshi samay vyaya have, evan dvitiyat sathik haowar yukti aro beshi jatil hay the.",ben,0
102,anekanshei eta audio-vijual.,ben,0
103,"tave, ekati drushye antarbhukt anchaler pariman bada sang sang meghmukta drushyer sambhavana comme yawar karna ei prayogti maulikbhave simit.",ben,0
104,"kailasnath ekata atyashcharya guha mandir, ya ellora 34ti prachin guhaar madhye ekata.",ben,0
105,shahur anchalti sabthek lakshanian vishyati halo bivinn dharner paribehan.,ben,0
106,"kintu esav to aar tomake balaar mato oake bala ya na, bandhu.",ben,0
107,sarvarah kara jal pan karaar pare keu asusth hay padese?,ben,0
108,achha. aar dvitishta - bhaskarya?,ben,0
109,wor swasthy vimata chhil star helath insurencer.,ben,0
110,airkam charam abhawa paristiter karna kirakam sanghatik avastha hate par ta dekhatao durbhagyajanak.,ben,0
111,"tumi masik, traimasik, chhaya masik baa barshik har premium dite paar.",ben,0
112,aami babar saathe katha bali.,ben,0
113,'son pari'-te amar tanke khub bhaal lagat.,ben,0
114,20sh shatabdeer vishwavyapi vruhattam banijyashilp hisabe evan 21sh shatabdite druttar vruddhir sambhavana nie paryatonshilp atmaprakash kareque.,ben,0
115,"oh, achha, seta kara yete par.",ben,0
116,"chinta koro na, 2to ticketer vyavastha valovavei hay yave.",ben,0
117,"ta chada, shudhumatra bharter naagarik halei bhotdaner yogyata thakave.",ben,0
118,abhijee abhinetader eksath abhinaya keman vishwasayogya parpharmance deya!,ben,0
119,"aar han, aponi ekajan olympian kintu taar janya aponi kii pan?",ben,0
120,"poorve, anyanyader madhye padam, pasy, miniung evan bokar-era mato aadir anek upajatir dekha mele.",ben,0
121,era madhye conta taka tolar counter?,ben,0
122,"achha, aami eta nishchalai khay dekhar cheshta karab.",ben,0
123,"irane internet pahara karna sarvada irani sarkar evan islamdharmian biplavi senavahini barabarai fesabuk, tuiter ityadir mato janapriya samaj madhyam iranider yogadaner virodhita kare gamee.",ben,0
124,baparta halo ye bivinn upa abalmban kare kivave vishaytake aro aakarshak kare tulte paro.,ben,0
125,"aguli madhye koekati usav halo ellora usav, puner ganesh usav, gharpuri usav, murud (raigarh)-e paryaton mahosav, evan anyanya.",ben,0
126,"tar pariwarer sanstha, cino-thai enginearing and kanstrakashan pi.si.el vyankker subarnabhumi bimanbandarer mato sarkarer besh koekati vruh prakalp nirman kareque.",ben,0
127,kamapakshe 15 thek 20ti kajer din.,ben,0
128,are keerat.,ben,0
129,"staitishil arthpradaner bharsamya, paryapt suder haar, evan yoth binioger janya bahiragat muldhaner ekati susthi pravah baja rakhte eti apariharya.",ben,0
130,tader barlok baba ach bale.,ben,0
131,tumi doctor strenz and multivaras af madness-era katha balach?,ben,0
132,"halo, aami vishwavidyalyer hostel thek jed scowar mal yawar janya gaddi book karaar bapar kal karchi.",ben,0
133,"pulish yakhanai eman amalyogya aparadher abhiyoger kono tathy pa, ekata ef.aai.aar dayer karata kartavya hay danda.",ben,0
134,aami ekati dhara begue newa nie khubi dvidhagrast.,ben,0
135,nehar shvashurbari bhave nikita maara gamee evan nikita upalvdhi kare ye taar samasya thek veronor ekata upa halo nehar parichay bhandie newa.,ben,0
136,ajkal aami ekatu vyast achi.,ben,0
137,"ji.aai nalite maanush o anyanya jantu pachantantrer samasth pradhan ang pratyang ach, yar madhye royas khadyanali, paksthali evan antra.",ben,0
138,"kintu, ta kichu bhalo mapakatio tiri kare dies.",ben,0
139,kono vyaktigat emael ide vyabhhar na kare kajer emael ide vyabhhar karale have to?,ben,0
140,"sabche bada katha hal, amra jaani na kakhan aar kibhave durbhagya amader darja kada narve.",ben,0
141,"chettinad randhanpranali halo tamilnadu rajyer chettinad anchaler nattukotai chettiyar, athva tader nijeder dewa naam anuyayi nagarattar named ekati sampradayer ek randhanpranali.",ben,0
142,"han, ta thik!",ben,0
143,"yehetu elakata janaganer sampatti, ye keu aste par evan khelte par.",ben,0
144,guhagulor deyal sunder chhabi aar mankada bhaskarya die sajano ya gautama buddher jivan sampark bale.,ben,0
145,baparta kintu serakam naya.,ben,0
146,"halo, tomake chintit mane hachche, ki baper?",ben,0
147,"han, ekajan shanta shishu anek beshi anandama.",ben,0
148,5ta pawa kathin haley anthat 2toor cheshta karte paro ki?,ben,0
149,"appler pracharak gai kawasaki brand nie ei gondamitic ""hatha pawa konokichu"" balle 2014-e aami vyakhya karechhilam ye appler panyer sang ""avishwasya ek vyaktigat sampark royas manusher"".",ben,0
150,tai ki?,ben,0
151,"1969-e gathit alada ekati paryaton vibhag thakale, maharashtra rajya paryaton unnayan nigam (em.ti.de.si) named paryaton pracharak ekati sarkaari sanstha 1975 sale pratishthit has.",ben,0
152,eter ekata khub takmato swado ach yar janya eta amar priya.,ben,0
153,"han, tar mayer dik thek.",ben,0
154,"amanki florida, arlando evan era ashepashe asankhya anyanya aakarshaner majheo mouse house khara hay dandie royas, era batigharti prati bashwar laksh laksh paryatakke ei anchaler prati aakrisht kare.",ben,0
155,eta bhalo idia.,ben,0
156,ei viracer aro bhayankar rup agami dine pratyashith.,ben,0
157,"darun, avashyai anshagrahan kara uchit tomar.",ben,0
158,"kintu kheladhulo chada ekhankar anaya kichute aagrah na thaka, setates jayen kerlam.",ben,0
159,eta bodhhoy amader saat nambar barer parikalpana.,ben,0
160,"khatarnaak kartab vaali film or romaanch vaali mardhaad kii film sabko pasand nahin aati thim: shikshit samooh inhen janaranjakwaadi, ashleel or bhrasht karne vaale prabhaav maanate the.",hin,1
161,"haan, wo aayojakon kii team main bhi he.",hin,1
162,"to, main is weekend free hoon.",hin,1
163,"in samaroh main se kuch hai ellora mahotsav, pune ganesh mahotsav, gharapuri mahotsav, murud (raigarh) main paryaton mahotsav tathaa or bhi.",hin,1
164,"or adhik samyata laane kii koshish main, main mat kii dar ko bahi laabh ke 10 pratishat kii vartmaan dar se badha kar 15 pratishat karne kaa prastaav detaa hoon.",hin,1
165,mujhe vah son pari main bahut acchhee lagati thi.,hin,1
166,ek baar aapane sanyukt rajya america main pehali upasthiti sthapit kar lee to puri tarah se kriyasheel america website pradaan karne se pehle mobile utpaada upyogkarta dwaara anubhav or nae graahak paane ke liye ek adhik aakraamak or adhik jokhim-bhari vipanan ranneeti amal main laane se pehle online store ke sthaneey brands ke halke sanskaran ko aarambh karne or seva tathaa pratishtha nirmaan par dhyaan dene main adhik bhalaai he.,hin,1
167,"kridaangan main olympic jhanda in aath purv olympic champiyanon ne chaaron ore ghumaya: bill roycroft, mure rose, liain tooth, gilian roltone, margeri jaikson, lauren crap, maaikel venden or nik green.",hin,1
168,uskaa istemaal karne ke baad kai gaanv waalon ko chamadi kii allergy bhi ho gai thi.,hin,1
169,hamaara desh apane bhootpurv sainikon ke prati bahut kritagya he.,hin,1
170,"yadhyapi raajnneetik vaataavaran main samskruti, vichaardhaaraein, samaji ruchiyan or dalon ke bich pratispardhaa sahit anya prabhaav bhi nirnay lene ko prabhavit karte hai.",hin,1
171,"aayush chikitsakon kii uplabdhta ke aadhaar par 18 main se 13 zilon (rajyon) main homeopathy, ayurveda, siddh or unani pranaaliyon ke aushadhiy nuskhe uplabdh the.",hin,1
172,doctor ne kuch din aaraam karne ke liye kaha he.,hin,1
173,"usee prakaar jab nakadi kii sakht kami ho, to aar.bi.ai. sarkari pratibhutiyaan kharidega or is prakaar arthvyavastha main dhan kii aapurti karegaa.",hin,1
174,"lekin bhoolanaa mat, aaj 12 baje ke kareeb tumhaari sit and drow pratiyogita bhi he.",hin,1
175,"1997 main epa.e.o. ne telefood shuru kiya jo sangeet samaaroh, khel-kud ke kaarykram or anya kriyaaon kaa abhiyaan tha jisase media, khyaati praapt vyaktiyon or logon kii chintaa karne vaale nagarikon ke samarthy ko kaam main laayaa ja sake or logon kii bhukh mitaane main madad mil sake.",hin,1
176,pahchaan ke liye aap apane aadhaar card yaa voter ai.di. yaa apane passport kii copy laa sakati hai.,hin,1
177,shuruyaat ke liye asamiya dish khaar acchhee he.,hin,1
178,"vashishtha ab raja kii ore ghume or dhire se bole: ""raja , aapako shobhaa nahin detaa ki aapane jis chiz kaa ek baar vachan diya tha usase aap mukar jaaen.",hin,1
179,is kshetra main mirch ke powder kaa upyog saavdhaanee se kiya jaataa he.,hin,1
180,"arakshit diwas par, srilankai khiladiyon ne pehle ballebaaji karke 222 ran banaae jinamein mahela jayavardhane or rasal ornald ne kramshah 77 or 56 ran banaae tathaa bhartiya zahir abbaas ne 44 ran dekar teen vikat liye.",hin,1
181,bharat mahaan vividhta or vaishamy kii bhoomi he.,hin,1
182,jab arjuna ladane se manaa kar dete hai to krishna ke dhairya kaa baandh tut jaataa he.,hin,1
183,agar main personal ke bajaay ofitial ai.di. kaa istemaal karuun to chalegaa kya?,hin,1
184,"inkaa mukhya rup se prayog ucch darje ke dhwani shakti pravardhakon or wireles cellular networko main aar.epa. shakti pravardhakon main kiya jaataa he , jaise ki 2ji, 3ji or 4ji main.",hin,1
185,main bhi.,hin,1
186,ve ekmaatr aise athlete hai jinhone asian khelon or rashtramandal khelon main 400 meter main swarna jeeta.,hin,1
187,yadi kisi ko bharat ke chunaav main vot daalana ho to unke paas bharat kii naagarikta honi chahie.,hin,1
188,agast 2006 main uttari grid ko bhi antaryojit kiya gaya jisase kendriya grid bana jo tulykaalik rup se joda gaya or ek hi aavriti par sanchaalan karata he.,hin,1
189,ekadam dil chahta he vaali feelings aa rahi hai.,hin,1
190,kya aap meri madad kar sakate hai?,hin,1
191,ham naregaa ke tahat adhikaar ke rup main prati din ru.100 kaa vaastavik mehtaanaa dene ke liye patibaddh hai.,hin,1
192,mujhe bhi apane liye time chahie.,hin,1
193,"rajya ne 1969 main paryaton ke liye ek alag vibhaag sthapit kiya tha lekin 1975 main paryaton ko badhaava dene ke liye ek sarkari nikaay, maharashtra paryaton vikaas nigam (em.tii.di.si.) sthapit kiya gaya.",hin,1
194,"acchhee saamaajik haisiyat vaali angrej mahilaayein gini-chuni hi thim; 1785 main apane chote bhai ko kanpur se ek patr main shalya-chikitsak jon stfort ne likhaa: yahan zyaadaatar auraten paison ke liye sambandh banane vaali, ludgat hill kii mahilaon kii topi kii dukaan se hai, or kuch to old druri (18veen sadi ke landan ke jane-maane veshyavriti sthal) se bhi hai.",hin,1
195,"nahin sar, vah to hamaare gaanv main maheenon se nahin aayaa.",hin,1
196,"jabaki lavnikaran zyaadaatar tateey kshetron or apekshaakrit naveen jalodhak maidaanon se sambandhit he, kshariyan adhiktar sthaliy tathaa apekshaakrit puraane jalodhak maidaanon main hota he.",hin,1
197,"oh, acha.",hin,1
198,sookhe grinder main yaa phir pathar ke moosal main iskaa churna bana len.,hin,1
199,aanton main 80–85% laabhakaari bacteria or 15–20% sambhavit rup se hanikaarak bacteria kaa anupaat aamtaur par saamaanya mana jaataa he or yah samasthiti banaae rakhata he.,hin,1
200,"kuch padyon main rahasyodghatan kaa tarika bataaya gaya he, jo he parishuddh chitt kaa zarathushtra main pravesh karnaa or use bataanaa ki vah maanav jati ko kya batayega.",hin,1
201,"pandurang ek hatyara he jise pehle bubbly ne gupt rup se ek naukar ke rup main bheja tha, jo samir ke sach ko jaan kar baad main gopal ke paksh main ho jaataa he or badmaashon ko maar kar bhaga detaa he, or antat yah ladaai dhokhe se bubbly dwaara gopal ke nitamb main chaaku maarane se samaapt hoti he, jiske kaaran vah thodi der main behosh ho jaataa he, lekin behosh hone se pehle vah madhav, lucky, or lakshmana ko chetavanee dena nahin bhuulataa ki ve chaaku ko haath na lagaaen, jisase unki hansee chhot jaati he.",hin,1
202,"lopez kaa daawa he ki ve bhi buddha shabd kaa prayog karte the, haalanki vidwaan richard kohen daawa karte hai ki is shabd kaa prayog keval baahar ke log buddha-dharmiyon kaa varnan karne ke liye karte the.",hin,1
203,tum keemat bhi concerm kar sakate ho kya?,hin,1
204,"prakriya ke bare main puri jaankaree hamaari kitaab se samajhi ja sakati he, zaraa use dekh len.",hin,1
205,mujhe bahut dinon tak ghar se baahar rahanaa pasand nahin he lekin main apana dimag khulaa rakhane kii or tumhaare nazariye se chizon ko dekhne kii koshish karuungi.,hin,1
206,"thik he phir, bataane ke liye shukriya.",hin,1
207,antarjaatiy parsparik sambandh ko protsaahit karne or rajya kii saanskrithik viraasat kaa prachaar karne ke liye disambar 2000 main nagaland kii sarkaar ne hornbill samaaroh shuru kiya.,hin,1
208,mujhe khushi he ki main madad kar sakaa.,hin,1
209,mujhe yah kahana hi padegaa ki yah vaaki bahut acchhee pahal he.,hin,1
210,usase koi fark nahin padataa.,hin,1
211,"appal enjeelwaadi gaay kawasaki ne brands kattarta ko ""aisa kuch jo bas sanyog se hua tha,"" bataate hue kaha ki 2014 main unhone bataaya tha ki appal utpaadon ke saath ""logon kaa anokhaa vyaktigat sambandh he"".",hin,1
212,kuch phiroti maangane vaale software spam mail main i-mail sanlagnak ke rup main bheje jate hai.,hin,1
213,"sahi he, par koun dhyaan detaa he?",hin,1
214,detel online mil sakate hai.,hin,1
215,"haalanki keemton main tab se giravat ai he, tab bhi vaishvik aarthik sankat ke samay jo keemton main giravat ai thi usase vartmaan keemten dugani hai.",hin,1
216,"moulik vargeekaran ke vipareet, kai shradhdhey hindu mulgranth or vichaardhaaraein saamaajik vargeekaran kii is pranali par sawaal uthaati hai or isse sahamat nahin hai.",hin,1
217,yahan tak ki meraa parivaar bhi chahta he ki main skool janaa chhodkar paise kamaane ke liye kaam karne lagun,hin,1
218,"saath hi, matadaata tabhi vot de sakate hai jab ve bharat ke naagarik hon.",hin,1
219,inamen se vidrol counter koun-sa he?,hin,1
220,good morning. ummid he aap sab thik hai.,hin,1
221,pallavi joshi kii paraformens bhi vaaki behtareen he.,hin,1
222,"purna mulya pradutt noton ko aar.bi.ai. nirgam karyaalay dwaara tijori shakhaon main wipreshit dhan mana jayega, jabaki ardh mulya pradutt tathaa nirast note, adhinirnayan hetu prastut kiye gayi note maane jaayenge tathaa tadnusaar unka prasanskaran kiya jaayegaa.",hin,1
223,"yah baahar se kurkura, andar se naram or jusi hota he or iskaa smoki flevar ekadam anokhaa hota he.",hin,1
224,"marshall art, tairaaki, cricket, aadi kuch achche khel hai jinhen vah tri kar saktaa he.",hin,1
225,"hello, main uniwarsity hostal se zed squaire mal jane ke liye cab book karne ke liye kol kar rahi hoon.",hin,1
226,"jab koi credit card khaataa teen din se adhik pichhlaa bakaayaa dikhaata he, keval tabhi bank saakh soochna companiyon (si.ai.si.) ko suchit kar sakate hai ki iskaa pichhlaa bakaayaa he yaa der se bhugtan shulk ityadi jaisaa jurmaana laga sakate hai.",hin,1
227,"agar aap chaahate hai ki cab aapkaa wet kare, to iske extra paise lagenge.",hin,1
228,"ham aapaki yogyata ke aadhaar par kam se kam 75,000 se lekar zyaada se zyaada 35,00,000/- kaa personal lone dete hai.",hin,1
229,ek-ek paudha uthaao or use phalne-phoolne kii jagah do.,hin,1
230,lekin vah bahut lanbaa chalegaa to tum tab bhi kuch ghante kaa sho dekh sakati ho.,hin,1
231,ham apana har anubhav usase campare karne kii koshish karte hai.,hin,1
232,"wilem vine shandal or henk shulte nordaolt ke anusaar, 1950 or 1960 ke dashakon main pakistani shashan kaa virodh karne ke baad bangladeshiyon ke bich yah parv saanskrithik gaurav tathaa viraasat ko abhivyakt karne kaa ek lokapriy jariya ban gaya.",hin,1
233,"1997 main sanyo ""pi.o.es.si.e.pi."" bahulak tentalam chips laayaa.",hin,1
234,meraa puraa haftaa vaaki biji rahaa to main ride ke liye time nahin nikaal paaya.,hin,1
235,"11 march, 2015 ko ek vishesh si.bi.ai. nyaayadhish ne aparaadh kaa sangyaan lete hue doctor manmohan singh or paanch anya prativaadiyon, macers hindalco, shubhendu amitabh, di. bhattacharya, kumaar mangalam birla, or pi.si. paarekh, par bhrashtachar nivaaran adhinium, 1988 kii dhara 13(1)(si) or 13(1)(di)(iii) or bhartiya dand samhita, 1860 kii dhara 120-bi or 409 kaa ulanghan karne kaa aarope lagaaya tha.",hin,1
236,"isliye, is paryaavaran diwas par ham chaahate hai ki aap is kshetra ke van ko badhaane main yogadan den.",hin,1
237,rashtriya film puraskaar bharat kii kshetreey bhashaaon kii sarvottam filmon ke liye bhi die jate hai.,hin,1
238,"haan, main kai ghanton se odisha chakravaat kii khabaren dekh rahi hoon.",hin,1
239,main apni shaadi ko vaid kanoonee rup kis prakaar se de sakati hoon?,hin,1
240,radiodharmee samasthanik ke upyog ke liye sarvapratham use ech.el.el.dablyoo se radio rasayanatah shuddh rup main alag karnaa hoga.,hin,1
241,main jab bhi ise baahar le jaaounga to shame ke maare mar hi jaaounga.,hin,1
242,"maaf kijiye, kya yahan gluton-free khaanaa milegaa?",hin,1
243,"vaakyansh ""harith arthvyavastha"" kaa prayog pehali baar united kingdom kii sarkaar ke liye 1989 main taiyaar kii gai blueprint for e green iconomi sheershak vaali report main agrani paryaavaran arthshaastriyon dwaara kiya gaya tha.",hin,1
244,isamen nuksaan kya he?,hin,1
245,"haan vahi tha, phir mithun chakravarti bhi ai.e.es. ofisar brahm dutt kii bhoomika main the.",hin,1
246,"referi ne, jo chah gaj dur tha, apni donon hatheliyaan neeche kii ore karke bachaav paksh ko aaraam se dhar-pakad se nipatane kaa ishaara kiya.",hin,1
247,"punjab ke har shahar kii apni pasand he, jaise ki amritsar ke log vishesh rup se amritsari kulche, bharwaan parathen or doodh ke utpaada pasand karte hai.",hin,1
248,bi.es.i. ne is suchakank kaa upyog karte hue es. and pi. bi.es.i. sensex vaayada anubandhon kaa vyapaar karke 2000 main apana sanjaat bazaar kholaa he.,hin,1
249,"aaj jis prakaar se cricket khelaa jaataa he, uski utpatti england ke dakshin-uttari bhaag se hui he.",hin,1
250,wollyboul ek tej gati kaa khel he jo do dalon ke bich khelaa jaataa he jisamen prayek dal main chah khilaadi hote hai.,hin,1
251,agar tum aisa hi sochate ho to.,hin,1
252,"dembovski ne apni likhi or pehali baar 2001 main oxford uniwarsity press dwaara jari kii gai pustak ""teking da state tu da supreme court: public interest litigeshan and da public sphier in metropolitan india"", main is vishay ke bare main likhaa.",hin,1
253,main vahaan har duusari subah footbaal khilne jaataa hoon,hin,1
254,is avasar par samiti dwaara 12 agast 2022 ko ek raktadan shivi kaa bhi aayojan kiya gaya tha.,hin,1
255,donon bhaaiyon ek-duusare se bahut prem karte the.,hin,1
256,charge or fis kya hai?,hin,1
257,"chhandmayi katha kaalpanik yaa gaiyr-katha ho sakati he, or yah kai tarah ke vishyon ko cover kar sakati he.",hin,1
258,"apni antim saans tak, unhone misaal kaayam karke evam upadesh dekar maanavtaa kii seva kii.",hin,1
259,gufaaon kii deevaaron par sundar bhitti-chitra or prabhavakaari murtiyan hai jo gautam buddha ke jivan ke bare main bataati hai.,hin,1
260,bhagwaan kaa shukr he ki health insurance se kharch nikal gaye.,hin,1
261,krantiyon ke marmasparshi utsaah ko unamem antarnihit siddhant ke hitkaari athwa hanikaarak hone ke aadhaar par pavitra yaa apavitra mana jaataa he.,hin,1
262,lekin wo itane bhi mahange nahin hai jaisaa tum bataa rahe ho.,hin,1
263,aamtaur par charchaa ke liye teen din kaa samay aavantit kiya jaataa he.,hin,1
264,"usne bi.bi.el.ai.el. ke saath ek samjhauta kiya jisaki avadhi 21 march, 1997 main samaapt ho gai.",hin,1
265,main main campus main wet karuungi jo entrens ke bilkul paas he.,hin,1
266,"jis samay vaahan gati main he us samay achaanak brake lagane, chalati gaadi main gati-parivartan karne yaa durghatana kii dasha main ek aniyantrit si.aar.es. vaahan ke aantarik bhaag main ghus saktaa he.",hin,1
267,haalanki us samay italy main virgo interpherometer kaam nahin kar rahaa tha or ji.i.o.600 ejineering mod main tha tathaa vah itnaa sugrahi bhi nahin he jiske kaaran usase sanket kii pushti nahin kii ja saki.,hin,1
268,"jinhen kam sunai detaa he, ve saamanyatya bol kar apni baat vyakt karte hai or kaan kii mashiinon, karnavarti pratyaropanon, or anya upkarnon ke saath-saath anushirshakon se laabh paa sakate hai.",hin,1
269,to tum zyaada relax mahasoos kar sakati ho.,hin,1
270,prayek rajya main suvidhaon kii gunvattta ke liye in sabhi mandandon ke liye sanketon ke sangyojan se ek gunatmak shreneekaran taiyaar kiya gaya.,hin,1
271,main use kuch acchhee comic books bhi karidakar duungi taaki use kitaaben padhane kaa shauk ho jaae.,hin,1
272,"saath hi, tumhen aisa bhi nahin lagegaa ki jor-jabardastee se tumhen padhani pad rahi he.",hin,1
273,"1920 ke dashak se vyavsaayik ejiniyaron ne teerandaji main dilchaspee lenaa shuru kar diya he, jo ki pehle is kaushal ke paaramparik visheshgyon kaa vishisht kaaryakshetra tha.",hin,1
274,litti mukhya rup se gehun se banati he or chokha bangan or tamaato se banataa he.,hin,1
275,meri dost ke board main vaaki bahut achche number aae the to ve merit ke aadhaar par kisi bhi entrens main paas ho sakati he.,hin,1
276,"filmon ke kathanak kii ruparekha main bhi yah prabhaav dekha ja saktaa he, jahaan bahudhaa hone vaale vishay parivartan pashchimi darshakon ke liye bhartiya filmon ko bahut lanbaa bana dete hai.",hin,1
277,oke. or ab aakiri vaali ke bare main?,hin,1
278,unka panjikaran divyang matadaata ke taur par kiya jaataa he.,hin,1
279,"haan, thik kahati ho!",hin,1
280,"ageworthastown main reverend richard butler, jo county mith main trim ke padri the or jahaan hamiltan ke chachaa james hamiltan upapadri the, vahaan 1824 main padri ne hamiltan kaa parichay upanyaaskaar mariya edworth se karaayaa.",hin,1
281,1920 ke olympic khelon main bharat ne pehali baar rashtriya dal bheja tha or tab se har greeshmakaleen olympic khel main isane bhaag liya he.,hin,1
282,main to khaas taur par bhashaa sumbali kii paraformens dekhati rah gai!,hin,1
283,mujhe samajhataa hoon ki aap bhartiya hai?,hin,1
284,viveki doctor banaam viveki rogi: koun kiske liye nirnay letaa he?,hin,1
285,"uchit yojana or niyantran tantron ke bina, saamaajik, saanskrithik or aarthik vikrutiyon se paryaton vikaas kaa ant ho saktaa he jo paryatakon or sthaneey logon ke bich ke sambandhon main parilakshith hoga.",hin,1
286,log in chizon ko lekar itane confident kaise hote hai?,hin,1
287,"thik he, agali baar jab ham ride par baahar jaayenge to main aapako bataa doongaa.",hin,1
288,kya mujhe bas itani hi chizein lagengi?,hin,1
289,"to, tumhen kisi lagi?",hin,1
290,"sarkaar jitna ho sake, utani madad karti he, khaastaur par gramin ilaakon main jahaan aksar logon ko unke haal par chhod diya jaataa he.",hin,1
291,"pleez iskaa bhi dhyaan rakhiyegaa kyonki jab indian visa process hokar sweekaar ho jaataa he, to vah aplication par die gaye email pate par sidhe bhej diya jaataa he.",hin,1
292,keval yah tathy kaaphi he unki kshamta or charitra kaa anumaan lagane ke liye.,hin,1
293,ham swaabhaavik rup se purush ke drushtikon kii ananyta kii kathatmak paripati ko sweekaar karte hai.,hin,1
294,"haan, main bhej saktaa hoon.",hin,1
295,yah kerala kii paak style se kuch alag lag rahaa he.,hin,1
296,"bhu-maapan main bhuakriti vigyaan, jalwaayu or us kshetra kii vanaspati, kshetreey adhyayan or prayogshaala ke aankadon ke madhyam se tathaa ek maanak aadharbhoot maanchitr par uske chitrankan dwaara vibhinn prakaar kii mrudaaon kii pahchaan, varnan tathaa rekhankan kii pushti shaamil he.",hin,1
297,"unhone saath main ramayana or mahabharat padhin; saath main maraathon ke yuddh jaise kaaryon ke varnan bhi padhe, or hindu parakram kii kahaniyon se utpann mahaan prerana se un donon ke yuva dil saath main dhadkate the.",hin,1
298,uchchhashwasit shwaas kanon kii maatra aparyaapt sanvathan vaale band sthanon main bad jaati he.,hin,1
299,"azarbaijan rajya philharmonic haul, azarbaijan rajya shaikshanik opera, or baile theatre baaku ke saanskrithik sthal hai.",hin,1
300,yahan sab kuch thik he bas mere kazin bhai ko chhodkar.,hin,1
301,"isliye, byaaj jamaa karne kii taarikh ke sandanrbh main byaaj kii aisi rashiyaan atideya nahin rah jaatin, or parinamswaroop anarjak aasti ho jaati hai.",hin,1
302,"premium niyamit rup se salanaa, chah maheene par, teen maheene par yaa har maheene diya ja saktaa he.",hin,1
303,or ham agali class main or janenge.,hin,1
304,"pleez, kya main aapkaa naam jaan sakati hoon?",hin,1
305,ham chennai main sthit ek international lakjri brands hai.,hin,1
306,tabhi tumhaara naam matadaata suchi main likhaa jayega.,hin,1
307,ve pehali mahila basketbaal khilaadi hai jo 2006 ke rashtramandal khel tathaa 2010 evam 2014 ke asian khelon main rashtriya dal main bharat kii ore se kheli hai.,hin,1
308,"ye tichha he ki hamaare mohalle main abhi bhi lite he, zyaadaatar ilaakon main lite nahin he.",hin,1
309,"1591 main jon legat ne pehali cambridge bible chhaapi thi, or 1629 main king james bible kaa cambridge pholio sanskaran thomas or jon bak dwaara chapa gaya tha.",hin,1
310,main apane dadu ko unke kuch kaagazat sanbhaalane main madad kar rahaa tha.,hin,1
311,"vartmaan main istemaal hone vaale sabhi anthrex tike kaaphi adhik sthaneey evam saamaanya abhikriyasheeltaa (tvagraktimaa, kadaapan, dard or bukhaar) darshaate hai tathaa 1% praptakartaaon main gambhir pratikul prabhaav hote hai.",hin,1
312,"rajkot pahanchane par, agali subah main chikitsa adhikari ke saamne pahunchaa.",hin,1
313,"lekin, main sirf sabase zyaada prasiddh ko hi shaamil karnaa chaahunga.",hin,1
314,"vanuatu or solomone dwipon main bhi prakritik aakarshanon kii koi kami nahin he, lekin chunki in dono deshon main paryatak kam jate hai, isliye in kshetron ke mahatv ko asaliyat se kam aanka gaya he.",hin,1
315,is charan ke dauraan prabhaavshaalee niti prastaavon ne laabhadaayak parinaam dena shuru kar diya.,hin,1
316,bi.si.ai. neuromodulation se is prakaar se bhinn he ki isamen dvidish soochna pravaah ho saktaa he.,hin,1
317,dwitiya bhaag (anuchhed 17-24) sammelan ke prativedan or nigaraanee tathaa partiyon dwaara ise lagu karne ke liye uthaae gaye kadamon ko niyantrit karata he.,hin,1
318,"haalanki, jin logon ne do se teen varshon tak dhyaan lagaaya he, unamem pehle se hi nimna raktchaap paaya gaya.",hin,1
319,taareef karne ke liye dhanyavad.,hin,1
320,"sarkaar ne saanuun saaf paani den da vida kita see, per saanuun aapne pind vich ih nahi mile riha|",pan,2
321,nagara mandir de viprit dravida mandir de aale duale ik kandh hailli,pan,2
322,"1824 vich, hamiltan nuun agevarthastown vikhe navlkar maria agevarth nuun rev. richard butler, trim de vaikar, counti mith duara pesh kita gya see, jise lai usda chaacha jemas hamiltan curate see|",pan,2
323,ki tuhaanoon ish baare koi sankalp hai ki ih hor kini der tak dalega ?,pan,2
324,saada desh saade bahadar saabaka fogia da rini hai|,pan,2
325,ih meraa dost lai hai taan jo uh course de verve lai kise naal gal kar sake|,pan,2
326,"jadon arjun ne ladan ton manaa kar ditaa , krishna da sabar khatam hoo gya I",pan,2
327,aun wale dinaas vich ish virus de hor bhianak roopas di umeed hai|,pan,2
328,mai khaas for 'te hairaan haa ki kiven usne apni pahili film vich bakhubi com kita!,pan,2
329,mai soch rahi see apni sahilia nuun ve naal li oungi I,pan,2
330,"ish karke miti di rasad-paani baare vyapak jankari ate us di sambhavaana/hadabandia/samarthanva di lod, kai udesh lai hai jiven ki almand arie develpamant , miti di sambhaal casement aria de vich, tikau khetibari, jal vibhaajak, kaya kalp karna buri zamin di adi I",pan,2
331,mai dasan di haalat vich nahi see|,pan,2
332,reidio metric naal sehi kithe hoe misharit vich ve kujh shor rinda hai I,pan,2
333,"raashi de bhugtan ton bood, uh tuhaanoon policy di saft kapi mail karnage|",pan,2
334,"madam, tusin ish di sarthakta baare ve kujh zikar kita hai; bharat ate sindh shabada baare, ki kirapa karke tusin us hise nuun duhara sakde hoo?",pan,2
335,"tuhaanoon karnataka di ik manamohak yatra 'te li jan waala sunhri rath, raj de amir sabhiachar da poorak hai ate aapne aap vich ik chamatkar hai|",pan,2
336,mera name anand yadav hai|,pan,2
337,"per tusin jande hoo, meraa lai bhugol varge vishe naal judana bohut mushakil hai|",pan,2
338,ketia haal da murhala bhaag ik ardh chammer de di chitrakaari naal bharia hoia hai jo lakdi da bania hoia hai ate kai statea vich ih parbhavshali ketia arch khidki nahi hundi hailli,pan,2
339,tainun isde pichhe 'baapu valon tohafaa' likhvauna chahida hai|,pan,2
340,"phir, drive kini lambi hai?",pan,2
341,mai ish nuun likh lavangi,pan,2
342,"vasishtha ne hun raaje val mud te kiha,""`ih tuhaanoon shobha nahi dinda, ik war vida kar ke mud manaas kar dena I",pan,2
343,"onha pinds te shahirn vich basatia jinha vich sashachhata te mal-pravaah di vivstha nahi hai, onha lai inbyolat green salushan faundaishan ne byo-toilette da avishkar kitha hai I",pan,2
344,ih sharnarathi jhund vich ae ate siraf vand de samen hi nahi ae I,pan,2
345,"thik hai, tuhaanoon sabh ton zaroori dasatavez jihda lagega oh hai passport I",pan,2
346,per mai ish hafate de ant vich jaa riha haa|,pan,2
347,"natukotai chitear jaaa nagarathar samudai jo ki tamilnadu raj de chetinad ilaake ton han, onha de khan-pin nuun ""chetinad kurzine"" naal jaanya janda hai I",pan,2
348,mai man riha haa ki tusin bharati hoo?,pan,2
349,"sikhi dharam khane vich sanjam te parhez nuun utshaahit karada hai, yani ki naa hi bhukhe rihna ate naa hi uddh khana I",pan,2
350,counter number doo waala karamchari gaahak da khaata number ate name di pushti karega|,pan,2
351,"ih chamarhi de epidrims vich rach janda hai, jithe ih garam ate take prati sanvedanshil nasaan nuun utejit karada hai, jadon jordar fung naal lagu kita janda hai taan ik nighi sanvedana paidaa karada hai jaaa haulli haulli ik tandi sanvedana paidaa hundi hai, jo ish dis visheshtas nuun ik virodhi vajon darsoundi hai|",pan,2
352,"yima pahila hai, jo hor koi nahi balki prasidh raja jamshed hai, jisade name ton har saal 21 march nuun manaun wale tiuhar navroj da naame pia|",pan,2
353,"ik asaami pakvaan, khaar ton shuruu kar sakde hoo I",pan,2
354,"tuhaanoon kiven pataa, waise?",pan,2
355,"taiwan vich, chonas ate khoj ne lagatar 80% 'te mout di sajaa lai mazaboot samrathan dikhaya hai|",pan,2
356,"haa, ih drish bohut berhim hai ate ih tath ki ih asal ghatna 'te aadharit hai, ish nuun dekhana hor ve mushakil banaunda hai, ieale kaanoon banaun dio|",pan,2
357,"hello, ki ih jaipur citi pailles hai?",pan,2
358,"ate us te saichan wale ve, bengal de pendu lok naach nuun darsha rehe san|",pan,2
359,onha de nirikhan heth cinema apna darshani pahilu khoke ik sahitik ate shabadik utpati ban gya I,pan,2
360,waah! ate bharati mayuzium?,pan,2
361,tuhada bohut bohut dhannavad|,pan,2
362,mai khaas for 'te bhaasha sumbali de pradarshan ton hairaan haa|,pan,2
363,"kaaba gandhi ne char war vyah karavaia, har war onha di patani di mout hoo gai I",pan,2
364,biotechnoshji regulatory athrity aaf india (bi.aar.e.i) bharat di ik prastavit niyantrak smiti hai jo ki biotechnoshji de pradaraths ate jinsi sodh jeev jantu (ji.aim.o) di varton lai hai I,pan,2
365,tuhada nivesh 8 pratisht 'te hi rahegaa|,pan,2
366,"haa, mai chahunda haa|",pan,2
367,mai pahilaan hi aapne bhai nuun kos ditha hai ate usne tuhadia tickets book ve karavaa ditia han|,pan,2
368,"aam tor te, vichar-vatandara lai tin din vanday jaande han I",pan,2
369,"dal de ik namzad member nuun panelti bindu ton gol bal siraf ik war geind nuun maaran di ijazat diti jandi hai, jise vich us ne siraf golkeeper nuun khadedan di lod hundi hai|",pan,2
370,"sanjami patjhad jungle biomas ped-paude de smooh han jo ki uttari ate ngkhani america, asia, himalaya dis ngkhani kolanas, europe, ate oshania vich kheti de udishs lai vanday gaye han I",pan,2
371,ih mania janda hai ki gujarat raj de vich adhikaria di pakhpati jug rit vada hai jo ki saaf pataa chalda hai counter halafanama di ik chalak ton pataa chalda hai I,pan,2
372,"haa, ik war jadon saria reziment march kar hattia, phir uh ounge|",pan,2
373,ih tath hi kaafi hai onha di shallsfat ate character da anuman lagan de lai I,pan,2
374,dhiaan rakho|,pan,2
375,mai tikaa jalad ton jalad lagava lauga I,pan,2
376,"sat shri akaal, bohut vadhia see I",pan,2
377,"yangon de haling thar yara tunship vich durgatna vich kai bamb dhamaakas ton bood, tatmadav sipahia ne 12 luki virodhi ladaakus nuun fad lya, jinhan vich 3 zakhmi ladaaku ve shaamil han|",pan,2
378,"nahi, oh uh bilkul ve masaaledaar nahi hunde I",pan,2
379,"ish islamic asthan vich kul 50 bahubhuj thamh, uchia minaars, ate adbhut katars han.",pan,2
380,"jalavayu vich tabdeeli, kuchh khetibari de khetra nuun baaki khetra naalon jiada upjao bana sakda hai I",pan,2
381,jidaan ki tusin jande hoo ki saade saade vidyarthi mazadoor parivara ton ounde han.,pan,2
382,"aamir khan, jise ne pahilaan kade ve aapne kareer vich rimek film nahi banai see, shuruu vich film karan ton jhijakada see, per tamil gazani de asali star suria duara yakin divaia gya, jisane usnoo kiha ki, uh idhela hi hai ""jo kirdaar naal inasaaf kar sakda hai""|",pan,2
383,"woolwich barakales companie de smooh vich shamal hoia, ate woolwich naame adhigarihan ton bood rakhia gya I",pan,2
384,"saare vartaman vich varte gaye anthrex vaccines kaphi sthanak ate aam riactogeniciti (erithema, indurasion, dard ate bukhaar) nuun darsoundis han, ate lagabhag 1% prapatkartawaan vich gambhir pratikool prakirias hundia han|",pan,2
385,"woshington post ne , pahile safe te asafaltaws ute lekh prakashit kitha,, ""21 ve sadi vich foj de naal jo kuchh ve galat hai, oh sabh tid haileycapater darsounde han: us di tezi naal ange vadhan di asamrathas, us da badala prati virodh, mautaan prati us da janun, us di cold yuddha ton bood da pachhan sankat"" I",pan,2
386,"musalmaana di rakhia lai sarkari sevaavaan, police ate saina see I",pan,2
387,"jive bharat de nakshe ute kashmir ik johar taj wang sajia hoya hai oda hi oh mousam anusaar aapne ranga badalda hai , jadon paharia te baraf di ik chaadar bich jandi hai , othe kolan te sking ate saledaj safari hundi hai; basant te garamia vich bageeche, chal-chal kardi jhils jo ish vaadee nuun hor ve khubasurat banaunde han I",pan,2
388,"i see di see ate dabliu oach o de european khetri dafatar ne hospitala ate primary sihat sambhaal sevaavaan lai kai padhars 'te sarotaan nuun badalan lai disha-niradesh jari kite, jise vich prayogshala sevaavaan nuun testing, chonavi prakirias nuun rad karna, marijan nuun bakh karna, ate karamcharia nuun sikhalai de ke tiber dekhbhaal samphthavaan nuun vadhauna ate ventletors ate bisatre vadhauna shaamil hai|",pan,2
389,"islam de an naal, bodhi dharam de math rivaaj nuun milan vaali shahi sarprasati katam hoo gai,ate musalmaanaas duara lami duuri de wapar vich bodhiya di tha lan naal sarprasati de sambandhit sarot khatam hoo gaye.",pan,2
390,"ih vadhia hai, tuhaanoon ish vich hisa zaroor lena chahida hai|",pan,2
391,"797 i, ( jaaa shaaid 801 i ) vich baghdad de awbasid kalif, haroon al-rashid ne sharlamen nuun paani di gadi da ""khaas udaharan da vikhyan"" den de naal ik asiai hathi named abul-abas ve pesh kitha I",pan,2
392,saachi? oh ih com karade han ? mai ish baare inna anjan kiven hoo sakda haa.,pan,2
393,"doosare mamlia vich, haileycapat siraf stleushan lai vartia janda hai ate raaket pahunchaun walia suranga hathiar de tor te varte jaande san I",pan,2
394,ih bilkul dil chahunda hai varga ahisas see|,pan,2
395,"pind de bahute locals nuun chamarhi rog hunda vekh , aseen us da istemal karna band kar ditha|",pan,2
396,"bhavikh vich sahoolat lai, tusin camps vich saria sevaavaan da labh lan lai ik ap di varton kar sakde hoo|",pan,2
397,ih noodle te adharit arunachal pradesh da pakvaan hai ate ish di sangari daala ton li ke kise prakaar de meet hundi hai I,pan,2
398,"11 march 2015 nuun, ik vishesh see bi ai jaj ne bharati dandavali di dhaara 120-bi ate bharati dand sanhita di dhaara 409 ate bhrishtachar roktham act 1988 di dhaara 13 (1) (see), 13 (1) (di) (iii) sacshan tahit daa. manmohan singh ate panch hor mulazama arthat hindalko, sebandu amitaabh, di bhattacharya, kumar mangalam birla ate pi. see. parakh viruddha apraadh da notice lya l",pan,2
399,wari-wari driving lavaange|,pan,2
400,"stunt ate rum acshan film saria nuun nahi vadhia lagia : padhe- likhi janata nuun oh lubhaau, ashlil ate karaab prabhav pan walia lagia I",pan,2
401,"minuun kahina peega, ih ik bohut vadhia pahal hai I",pan,2
402,he kirat|,hin,1
403,thik hai| duusari murti kala baare ki ?,pan,2
404,tuhada suagat hai|,pan,2
405,ki tusin meri sahita kar sakde hoo?,pan,2
406,"""us andolan ton"", 1945 di report vich kiha gya hai ki, ""kolkata nuun bhojan den lai aam vpark mashinari 'te bharosaa nahi kita jaaa sakda see|""",pan,2
407,"yatri de dasataveza vich passport,vizaa,mudra praman paper jaaa mudra di passport vich tasadiq, aamadan masool, sihat praman paper adi ounde han I",pan,2
408,"ki niji dhan sanchit karna naal dhan kuchh hi locals col ounda hai jaaa pragati,pratiyogta te takneeki wadha asmanta nuun gata sakda hai ?",pan,2
409,minuun umeed hai ki mai ik inam li sakda haa|,pan,2
410,kai mahinia de swine flu de hamalays ton bood bharati bazaar vich tamiflu (oseltamivir ) da ik aam sanskarna uplabadh karavaia gya see I,pan,2
411,ellora guphawaan nuun dunia dis sabh ton badia chattans dis guphawaan vichon ik mannia janda hai.,pan,2
412,ih aasar film de birtaant di sanrchana vich ve mahisus hunda hai jithe oh vishe taw bhatak jaande han jise karke bharati films pattmi darshaka lai kaafi lumbia hoo jandias han I,pan,2
413,"hello, mai apna pine card jari karwaun ia haa I",pan,2
414,"haa, ih thik rahegaa|",pan,2
415,shaah ne jor ditaa ki bail musalmaana de kilaaph nahi see kiunki ish naal onha nuun nagarikta milan vich koi rukavat nahi aavegi I,pan,2
416,"karamchari raj bimaa nigam medical kalaj, hyderabad, ne ra.si.i di pratiroop vikas vich madad kiti see, naal hi post grajuate institute aaf medical ajukeshan and risarch ne padarths di chikitsa de upyog lai azamaaish, pramanikta, ate swikriti kiti I",pan,2
417,bhaaven mandia tuhaanoon vikri karan vich sahita dindas han per oh tuhaanoon apna khud da ik tikau kaarobaar te brand banaun da muka nahi dinde han I,pan,2
418,bohut saare pind vasiyan nuun chamarhi di elraji ton pidat hona pia us di varton karan ton bood I,pan,2
419,"kamala, tuun com te vaapis kadon aaengi?",pan,2
420,"minuun pataa hai, thik hai?",pan,2
421,"uh apni aalochnatamak for 'te prashansayog films gharonda (1977), abhinit amol palekar ate zarina wahib ate duria (1979), abhinit sharmila tagore ate uttam kumar, lai sabh ton uddh jaanya janda hai|",pan,2
422,ih sunke kushi hoi ki uh thik hoo rehe han|,pan,2
423,kiu ki uhanaas col amir bap hunde han|,pan,2
424,"thik hai, kihade ghante sabh ton ait bhid wale han?",pan,2
425,"sati sri akaal, janaab, mai shikait kithe register sakda haa?",pan,2
426,"kramwar ik 2006 vich rashtra mandal dis kheds ate doo asiai kheds 2010, 2014 vich rashtirya team di numaindgi karan vaali bharat di uh pahili mahila basctball khidaaran hai|",pan,2
427,mai ik war onha upar ik warta likhana see I,pan,2
428,mai main camps vich itzaar karanga jo ki camps de gate de nede hai|,pan,2
429,tuhada suagat hai|,pan,2
430,ih 1949 vich dili de jampath de cone vich bania see,pan,2
431,tuhaanoon agali chiiz jo chahidi hai oh hai ik jaaize i-mail aai.di I,pan,2
432,jinhan kalajan da tusin zikar kita hai uh bohut mashhoor han|,pan,2
433,sair sapata 20 centuri da sabh to vada udayog nikal ke ia hai ate isdi 21 centuri vich hor ve ziada vadhan di ashanka hai I,pan,2
434,"1980 de dashak vich, spani waparik sanstha aspernaza ya sia ne 120 millimetre da kharal bamb di usaari kiti jise vich 21 anti-armur sabmuniticans san I",pan,2
435,ki mai tuhaade lai kujh hor kar sakda haa?,pan,2
436,jekar koi bharati chonas vich vote pauna chahunda hai taan us col bharati nagarikta honi zaroori hai.,pan,2
437,uh apahaj voters vajon registerd han.,pan,2
438,"ish lai, prasidh soshal netvarak iran vich onha duara balock kite gaye han ate irani virodh de kaaran, iran vich internet censership vadhi hai|",pan,2
439,"nehaa de suhare sochde han ki nikitha mar chuki hai, ate nikitha nuun ih ahisas hunda hai ki us dis saoesyas ton baahar nikalan da tarika nehaa di nakal karna hai|",pan,2
440,"2014 di rashtramandal kheds vich mahilanwan di freestile 55 kilogram shreni vich babitha di pahilaan vihakh kuarter final vich skatland di catherine marsh see, jise nuun os ne 92, 40 (vargikaran ank) naal hararia see I",pan,2
441,aapas sabh ton vadhia paley-list sunange jo ki mai biti raat banai see|,pan,2
442,uthe islamic arkitecchare kiho jiha hai ?,pan,2
443,"per pahilaan, saanuun ik tha rukan di lod hai|",pan,2
444,ki ih thik hovega jekar koi ish hafate vich aa ke booking karada hai?,pan,2
445,"ihnas saare mapadndas lai suchakaa nuun jodde hoe, harek raj vich sahooltaan di guntata lai ik gunatamak gread banaya gya see|",pan,2
446,"waah, ih taan kamal hai|",pan,2
447,bharaavaan da aapas vich bohut piar see I,pan,2
448,"phir ounda hai artaziaziya II, jo ki samajhadar see I",pan,2
449,onha ne aapne akharee dam tak manukhata da bhala kitha sikhia de ke ate us te amal kar ke I,pan,2
450,isde ki fide han?,pan,2
451,"inute dis parampragat kahania, riti rivaaj ate manahia onha de kathor arkatic watavarna ton bachan lai saavdhania han I",pan,2
452,ih kudrati paristateki te jor paa sakda hai I,pan,2
453,minuun umeed hai ki ih meraa pasandida com naal minuun dubaara judan 'cha meri madad karega|,pan,2
454,"per , uh nivin jamaat de haks lai lade |",pan,2
455,"mai kos mint cha tiar hoo jawangi , umeed hai ki udon tak cab pahunch jaavegi|",pan,2
456,"pandurang, ik katal jo pahilaan babli duara ik gupta sevak vajon bhejia gya see, bood vich samir di sachai baare sun ke gopal di team vich shaamil hoo gya ate gangasters naal ladda hai ate ant vich gopal nuun achaanak ik chaaku chitad vich maria ate uh jaladi hi behosh hoo gya, per madhav, laki ate lachaman nuun dhamkaun ton pahilaan nahi, tin dostaan nuun haase vich chadana |",pan,2
457,tuhaade anusaar minuun kihdaa lena chahida hai ?,pan,2
458,bharat ik bohut bhanta ate bhinnata waala desh hai I,pan,2
459,"oh bi.bi.ail.aai.ail naal march 21,1997 tak ik kararanama vich ya hai I",pan,2
460,hun chizs kiven han ate lok ish naal kiven nibh rehe han.,pan,2
461,aam tor te mai kushti jiada nahi vekhada per mai ish saal de risalmania nuun dekhan lai utawala see,pan,2
462,"ih taan hai, per sarak yatravaan 'te, adhi chhuti sarak 'te hi langh jandi hai |",pan,2
463,bohut saare vikalp han,pan,2
464,ih sabh ?,pan,2
465,jeee tuhaanoon machhi pasand hai taan assam di tenga machhi tuhaanoon pasand aavegi I,pan,2
466,"siasi mahole vich kai kark jiven ki sabhiachar, dharam, samajik hit ate partya vich mukaabale di bhavana adi faisla lan di prakria ute prabhav paande hannnai",pan,2
467,"kise ve din, ik pi.o.aai bi.se.in.ail di karodaa de mints dis kalas nuun sambhalde han, ahiji state vich ih vpark tor ton mumkin nahi hai pataa lagana ki kihadi kaal asali hai ate kihadi kaal binaas si.l.aai de hai jaaa jise naal chedchhad kiti gai hai I",pan,2
468,hahaa! uh uhanaas nuun wadhu chakde han|,pan,2
469,ihi taan samasia hai,pan,2
470,"ik metrical kahaani galp jaaa gair-kalpana hoo sakadi hai, ate ih bohut saare vishyas nuun cover kar sakadi hai|",pan,2
471,ki us utte narial bhukia hoia hai?,pan,2
472,"haa, ate janam miti baare kiven karna hai?",pan,2
473,"haa, tusin thik kiha|",pan,2
474,"haa, ate ih saari parade 'chon mera pasandida hisa hai|",pan,2
475,ish upmandal (tatvarti ilakaia lai 60 pratisht) di 45 pratisht warshik barsh ish daur vele hundi hai I,pan,2
476,ish nuun putu kahinde han ate aseen aam for 'te kale chholias naal ish nuun khaane haa|,pan,2
477,"zaroor, mai kar dinaas haa I",pan,2
478,"us di khaandaani company, chin-thai engineering ate nirman pi.si.ail, ne kai sarkari bade project jiven ki banksk da suvarnabhumi hawai ada bania I",pan,2
479,us vich kise chiiz di pradarashani hai?,pan,2
480,"atu charumatin mel adukkukul urinchapattu angu chudu manllum kulirchi unrakutia narmbhu munaralait tundukintu, awk atu viduviruppaqat deyxpatum podhu sudana unarvum menmayagat deyxpatum podhu kulirnth unarvum erbadudukintu, its mulam adan uduttal-ethirfup panpues welipadukindena.",tam,3
481,"o, romp ruchiyag irukkum polirukkilte, anag naan porg choppitamaten.",tam,3
482,"ipodhellam tirappatas indiavin panmukhthanmay onaudratukindena, itasku thayms manllum palivanguthal bonthe maiyakkarudduhs aticketi varukits sevvie sanskrit coppeakalin dakkates, indiavin samukap patiniliku isaint bharambariya visumiangalap bhadukakkum mushchigales are payanbaduddukindena.",tam,3
483,"woru credit gartu ganaku dhawnait date mudindu moondau natgalukqup pinkum dhawanai seluttamal irindhal mattume, vangigus andak credit gartu ganakky dhawanai seluttadadu endu gatan takhaval niruvanangaluku (chicici) therivicalam alltu athenus aparaata cuttaangan - adavatu, dhamat kalak cuttaangan - vidikalam.",tam,3
484,erandus migaum mallupattaw anal parpatangu one madhriag irupadupol dondukintu.,tam,3
485,"idephol, erandam antstil ullver ayriyamna alltu nanber, iver tannep paliturauvargalin dakkutaluku alakupower eneway attakaiya manidarlitamrundhu vilakiirukk wants.",tam,3
486,"heceleltapilyu-will anupluu vilghporuts, chiru actinatus, yurenium manllum plutonium suadues, ariman vilghporuts, manuseyalaxtin podhu chercopatum rachayanas akhiyawe ulsana.",tam,3
487,"avritu kudumbh niruvanamakia saino-thai enciniering and kansterakshan pchiel, bangakin suwarnabhumi viman niliam bonthe pal iratcch arasut dittappanikalin kddumanathil edupattuldu.",tam,3
488,enaku parisu kidikum endu nambukiheen.,tam,3
489,"ind anatu alavurukalin kuriqatticases onkinatu, ovvoru manilatil ull maiyangalin drutts alaviduvatangu woru druvarisai murai uruvacopattatu.",tam,3
490,indet dittattap basari angalo manavarlukkuch choll virumbukiheen.,tam,3
491,"yappumuraiyana katha, punikataagaum, budimallad patipacoum irukalam, balavakaiyana talibbughalil edudapattrukalam.",tam,3
492,en karap patti jog atikade.,tam,3
493,en payar anand yadav.,tam,3
494,"forkuingaluku uttaravidudal, gootuch sati aakhiya kurlchattugalilrundhu munbu avar viduixpatar.",tam,3
495,nam maghi maghi vandie otelam.,tam,3
496,"bakuvin banpattud dalankalil acharbyjan state bilharmonic hall, acharbyjan state academic opera, pale theatre akhiaves atankum.",tam,3
497,atutan prachinae.,tam,3
498,kudiseval bakudikasil angalo pallies 3 ulsana.,tam,3
499,inge ennevellam parkalam?,tam,3
500,adutta nicktchi varai aval ennai nacharittruppal.,tam,3
501,"suharipparkum dalangs, tangumidangs, adippati aadhar vasadis, ulghatamifu akhiawaiye surchaula turain adippati amchanglakum.",tam,3
502,"ditamidudal manllum kaddupattu arbadus illavital, surchaula valarchi nindfoi samuk, kalachchar, poruladhar batipugans erbadutalam, itu subaulap bhayanilukum ullur malukum itieyana ulvil pratifalikkum.",tam,3
503,"chementin variyarai ""sarwatech"" vat alakak ettyup payanbaduttappattatu.",tam,3
504,"ille, nall​ valiyag naan puyaluku woru varam munnatie clumbidane.",tam,3
505,"adebol, tarbodhu kuraint matipull urinas adhikamirukkum vanapakuti edirkhalatil adhik matipu pesalam, adevele itasku ethrethir majhan nilamas arbadalam.",tam,3
506,"katkum dihan kuraibadu ulvars valakkamak pechu mofiil dodarpukolwargs, avargaluku sevittunaich chadanas, sevi udborutals manllum innapitt karuviesum tira vasaganglum udhav mudi.",tam,3
507,andat dittattap packchuich sollu?,tam,3
508,romp nanjhi!,tam,3
509,ditamitapatt turam 12 kilometre (7.5 mile) eneum nilachandin valiyakak kalwai vetti gastrion manllum harmion valaikudass inippate its nogkum enllum mutt flaini gurinar.,tam,3
510,enakkume velai adhikamagadan irukkintu.,tam,3
511,"islatin varuki tuddvachu mripan pauttom pellruvant arach adrav agarriyatu, melum netundoor vardakatil bhauttarkass muslimgas pathilidu seyttal menopati adroud dodarpana aadharangs nirthup boina.",tam,3
512,"ange apodhume kumbalagatan irukkum, kurippak novemberil irundhu march varai niraiy per varuvars.",tam,3
513,"avaruku sanjayan patilalitu, borxtil enna natakkintu anpatek goorukihar.",tam,3
514,son pariil avarai enaku rompub ftickum.,tam,3
515,mee mattil kufippitttakk webbp alai nilamle eduum arpatvilly.,tam,3
516,"adutta vaqupinkak, ungs kudumpatinaridom wackalarkalak avargarht anubhavam kuritu gatut therindukollungs.",tam,3
517,"itu china, pakistan, india valiyagaum odukintu.",tam,3
518,"sari, katisi kalai vativattap packchuich sollus.",tam,3
519,"aamang, ungaluku enna udavi wants?",tam,3
520,atil irunth natanak kalaiars wang desatu gramic nadantai adiyathum enaku ninail irukkintu.,tam,3
521,nanume enakkakak gunch neram selavalikk virumbukiheen.,tam,3
522,indet dittats nidhi amychagam valangukintu.,tam,3
523,ungal bone numberk kodungs.,tam,3
524,neum unnu grekab peyarkanum!,tam,3
525,"ulle varalama, char?",tam,3
526,adhuum speshal assamic unu endu calvipattan.,tam,3
527,"1750kalil niruvappatt hamplton club, ind vilyatin valarchiil perumbangu vakittatu.",tam,3
528,"ibpatiak, tahant jatiirt urimikak avar borodinar.",tam,3
529,37 vakaiyana urvana manllum nirnil urinas kuritu therivixpattuldu.,tam,3
530,ungal photos chilatap parthen.,tam,3
531,"saitya mandbhatin mughappale araivatt saitya munwalavin bhangu pradanamaghat tohatmalikkintu, atil welippune meri valipattuton woru dihandanilai munpakkum ulldu, chil iangsil andap pradanamaghat donasum saitya munvaliu jannal irupadill.",tam,3
532,"charing, takavaluku nanjhi.",tam,3
533,"ind railin betticas varalaril toyndulsana, avarkail nutpamana kalai valipattuch sunal kalattal aliyath kataikalch solkinsona.",tam,3
534,"edutoukattak, 'karuddhial' alltu 'ahitalial' surukgalvadaj enjh cholladelil jaan polkinhan munvaippatu, simon plackban manllum jackwan kim valangy ade varaiyasaiyait than kufipidukintu, adavatu woru vaka uraiyatel sambandappatt takhavals alltu borudbheyaroukqup patilak innuru vaka uraiyatel charnt takhavals alltu borudbheyarkayap payanbadutti avacharukkitie dodarpukanum woru ditam charnt surukgalvad vativats atu kurikkintu.",tam,3
535,"primiamgana varuchandramak, khalandil, aaru mathangaluku orumurai alltu matamadam ghatalam.",tam,3
536,"pen, mappilla erandu perum 3 satchikhas munnelil riginsteryl kaiyesuttu botrukk wants.",tam,3
537,indep puli tangas kalndilait dookientu vidukintu endu gutai potumakalin boratas veditt pingu ant vilanga wattiadip ftikumaru kerala talams vanab bhadukavalar uttaravitar.,tam,3
538,ettrumadiks ukquikkum vaqail madhya arasu ambat emaitisi-il woru container charaku niliyatai dodangiyadu.,tam,3
539,watkiku unvues botagave karamak irukkuma?,tam,3
540,kufoil aricemawaich chercumbodhu idaitie chiritu dhuruviya dengays cherdduk kollalam.,tam,3
541,"nective kadabatrangana natippatu avwalu elitll, anallum pallavi joshi aibudamak naditrukkihar.",tam,3
542,itsvit atutan vasati illaiya?,tam,3
543,anal ind warak katysiil bokab pogiheen.,tam,3
544,"itaoti, issangam 12 agast 2022 andu ore iratt tana mugamukum arbadu sayttu.",tam,3
545,indyatil viral ull villmbharattch sodukkinal atu namadhu ganinikum paravividlam.,tam,3
546,"devas oppandam erganave kaiyesuttidapatt niliil, pal sevai valangunars seyatkaikol axlap payanbadutt virumbukinars endu 2005 novemberil ind amycharavaikkud dhawarana takhaval valangappatatu.",tam,3
547,liveu ellam eduum ille.,tam,3
548,doctor ennaick gunjam naluku oyvedukkes chollirukkar.,tam,3
549,"kavalipatate, ning sariyana neratukudan vandirukkirai",tam,3
550,"mavriyaxsil sogna magat theyope enjh woru pen murabid irindar, avar mripu valiyag tan tandain padvy penjhar.",tam,3
551,edhavatu itttake kali pannik kodukk mudiyuma endu periyavarlidam gattup parthaya?,tam,3
552,"kamanwelt charat nadugalum itel ushupinaravats anumatikk, imperial cricket kanprance yennum payar interneshanal cricket kanprance (binner council) endu majhpattatu.",tam,3
553,"ni solvatu charitan, ind murai chil samayankalil udaviyag irukkum.",tam,3
554,"inge niraiy thondu niruvanangs irukkinsona, are malukud deviku ettbb madhiri malikai chaman, marutuv vasati, marundues, mabbbb attiyayavasiab borutkalnu ellam kodudhu udaukindena.",tam,3
555,aduduvarum natkalil ind viralin innum payankarman vakaikals ethirparkalam.,tam,3
556,avarkas niraiy ditle jaitthrukkijhars.,tam,3
557,"indet dakram tirappalangalin katacollum amaipll welipatukintu, perumballum adanuton claikkatkasum serntrupatal indiat tirappatas menokulak neyarluku vegu nilmaghat therikindena.",tam,3
558,"supper, illaiya?",tam,3
559,woru pios mattume woru kufippitt nalil piesenel mulam varum million ganakkana assifu nimiangalack kayalukintu enjh suanilil ent assifu unmaiyantu manllum ent assifu chielai illamalo bholi chielai utano varukintu anpatek khandarivatu vanik ritiyakas satyamandu enak gutappattatu.,tam,3
560,"apple prachchar birangi guy kawasaki frant vellie ""taesseyalagak khandakind ondu"" endu azikibar, adevele naan ituparri 2014il villcumbodhu, apple dayarippugaluton ""maluku oruvit apoorvamana maansik uddu ulldu"" endu guinen.",tam,3
561,naan inge vandhu aindhu varushmakivitatu.,tam,3
562,"itaskuk karanm, woru obbandhatarar (piesenel) mabbbb obbandhatararitamrundhu (reliance) vedeendhat dogay peruvatu kuritm obbandach sattam karuddil kofwatill.",tam,3
563,nings sonnatu ellame pemas college than.,tam,3
564,"ani vilyaddugalil, one aniil angam vaqibvars vilyatle vetibellum nokkadduton onrinaindhu seyalpadukinsener.",tam,3
565,washing machine irupatal duni twaikk wantia avasiamum vandatill.,tam,3
566,ovvoru manavaridomum woru mrikkanravatu irukkum.,tam,3
567,"1980kalil, esbarunse sia enjh spain niruvanum 21 chiru kawsat tulifu gundues adangy 120 mimi kuliotu gundu onrai uruvakkiyadu.",tam,3
568,ungs atrus brufuku moondau mathangalukul irukkum edhavatu woru bil kodukalam.,tam,3
569,"musium packagil palasil ull ella darbarganes gallerieses parkalam, trebad illat cameravike kondu bokalam.",tam,3
570,palveru painting stals yennenna?,tam,3
571,adanaltan ind namee indet tunike khandam mushuatil samattuv dinamagak kondadukirom.,tam,3
572,"athanal, ungs thogudiil nings patiu saithrundhal, nings angrindhallum ungs thogudiku vandudan wottup put wants.",tam,3
573,appati vittra pann wandumenru theriavilly.,tam,3
574,assamic unavan car enpatil irundhu dodanglam.,tam,3
575,ka vingiirupatal waliyag irukkintu.,tam,3
576,garibe paruv nell villychal kuraivak iruppathangu adhik waifuudal daniya vil nerukkadi kodhumailrundhu arisikup parvukintu.,tam,3
577,"nammallum peritak eduum seyy​ mudiyadhu, porumiyak​ irundhu oruvarukkoruvar udavisey wants, avvaludan.",tam,3
578,"munbu milka singh mattume kamanwelt boatisil taninabar vilyadduku tangap pathakum vendo one virarag irindar, eninu 2010 kamanwelt boatisil krishna punia pengalukan vattu eritlil vendue 52 andugalukqup pingu indiaukkud tangap pathakum perduddhandadan mulamum kamanwelt boaticain tatagal vilyatle tangam vendo muthal penmaniyakat digahandatan mulamum varalar baditar.",tam,3
579,"khantippak, anuppukiheen.",tam,3
580,"tickette chil ejands plakhil virkirars, athanal ni avarkas viekum villy parkhik calvipattruppai.",tam,3
581,veru edhavatu udavi wanduma?,tam,3
582,"itel palveru vakaikas ulsana, indu naan order saitiruppatu arice mawil seit puttu.",tam,3
583,"2006 afstle watakku min ghatamipum itsuton inaikkhapattu woru maiya min ghatamifu uruvaki, atu otisivak inaikkhapattu one adhirvanill iangiadu.",tam,3
584,andap paperil piem vyaya vandana yojana endu irukkintu.,tam,3
585,"amam, pennum mappilles offisuku anoaicoppaduars. erandu per charpll tala 3 satchikhalin munnelil kalyanam urudiseiopatum.",tam,3
586,naan adai water sabl department soupparviruku anupuheen.,tam,3
587,"sarwatech varttak maiyam palveru nicktigaluku arbadu seykintu, are chiru vanikas manllum tophilmunaorine devikhal kothitug gatti avargaluku valarchib patil adrv alickinsona, udaranmak digitale vanigum, mena bagudiil ilairgaluku waifpalittal, estiji-galukan chiru vanikas kuritt pukippatak gangatchi, vilyaddud turaiil ilum tophilmunaorai ukquittal, pengal charndvail mudalidu saythal bhonrowai.",tam,3
588,yennut vahattues.,tam,3
589,adhil pasha sumbliin natipu rombhaway arumiyak irundatu.,tam,3
590,"anal, en magas british citison.",tam,3
591,40 vayaduku udpatt vinnapadarars medical sardificat eduum kodukk wantam.,tam,3
592,khantippak adaich chafittup parkiheen.,tam,3
593,"vanuwaddu manllum chalaman diugalilum gangaver ianakait dalangalukuk kufaivilly, eninu ivvirandu nadugalukum subaulap bhayanikalin varuki nikarlvil kuraive enpatal ibpakudikalin mukiya subarulat dalangaluku pal chandarppanglil urya mukhiyattuvam kodukkapaduadill.",tam,3
594,ennetam irukkintu.,tam,3
595,"killekke kavanikyil, padam, pasi, minyong, bogar manllum anaiyawai ullitt pal adi udgotras ulsana.",tam,3
596,itskitil lahiri erandu airopeaa sudduppayan vexigales elu aciya sudduppayan vexigales pellrullar.,tam,3
597,"itsal, avanu arokiamum nanjhak irukkum.",tam,3
598,claimax shootingn podhu sumbli migaum unarchivachap pattuitar endu calvipattan.,tam,3
599,mishaluku music karupukkolwatil arvam iruppatakach solkiral.,tam,3
600,"halo char, kamplant riginster pann enge pokanum?",tam,3
601,avarkas maghrut dihanali wackalarkalagab patiu seyyapaduars.,tam,3
602,"amam, ind antilthan sernthrukiheen.",tam,3
603,itayellam enravatu woru nal neril parkk wandumenru virumbukiheen.,tam,3
604,"ille, avwalu karamak irukkadu.",tam,3
605,nall vishyamtan. avar enna therindukoll virumbukihar?,tam,3
606,"eninu, chandaikas virbanae valarkk etuvak ulfodhilu, nam woru niditunilikum vanikata valartu chont villmbhar prant uruvakk atu dunapurivatill.",tam,3
607,"aruvadiku mundaiy manllum bindaiy seyalbadugalukan katanudaviil puchi marundhu telittal, galaeduttal, aruvadai, vakipadutal, dharam prittal, swndab pannain villychallukan bhokuvarattu akhiyawe atankum.",tam,3
608,"avar aticketi serndu paniaxiya pitt natigarkalil rekha, madhuri deekshit, anil kapoor, shahrukh khan, amrish puri akhiorum adankuvar.",tam,3
609,"hyderabadil ull manilat tokhilauar ittusutik katak maruduvak kalluri mulauruvai uruvakk archis-ku udaviyatu, adevele maruduvak kalvi manllum araichikan mudugalpap pailagam maruduvap payanpattukkak dayaripugalch sodittal, chariparthal manllum angikrittaluku udaviyatu.",tam,3
610,indian muciumil yennenna parkalam?,tam,3
611,"ille, avarkas an itsp parkhik kavalipadab pogirars?",tam,3
612,"hmm, appadiental nings duqbawaich chafittup parkalam.",tam,3
613,"itasku naanku pradan ditt aalochanl munwaicoppattanu, avanewap porutdhamagak kalandhu payanbadudhuatu parchiya mudiveu, ind valarchit ditttin munnenttinute edukoppatum.",tam,3
614,"eninu ind anukumurai adippatail woru kufippitt alavuku mel udavadhu, anendal woru katcil atankum parapin alavu goodumbodhu megh alaiyance katchicp peruvadarkana waifu kuraindubokitu.",tam,3
615,"kutalukul 80-85% nanmilickum bacteria manllum 15-20% satiyaman kodea bacteria enjh vikittil iruppatu botwak ialputan enak karudapadukintu, melum atu chirchamanilies paramrikintu.",tam,3
616,"mabbbb chandarppanglil helikopter ulu parpatangu mattume payanbaduttapattuldu, adevele rocket-seluttal katanganai aayudamagap payanbaduttapattuldu.",tam,3
617,"amam, seconds earil irukiheen.",tam,3
618,"pengal, amaiti manllum bhadukafu kuritt ikiya nadus bhadukoppuch sabain dirmanam 1325 (es/aries/1325) 31 october 2000 andu 1261 (1999), 1265 (1999), 1296 (2000),1314 (2000) aakhiya dirmanangalait thirumpub penichu pingu aina bhadukoppuch sabaiyal orumanatak attrukkolpattatu.",tam,3
619,apbodhudan ungs payar vagkeer patiail idam pellum.,tam,3
620,ind udbirandhyatin sumar 45% varudandra manai (katalorap bakudiluku 60%) indep paruvakalatil erbatum manipocivin mulame kidikiritu.,tam,3
621,"sari, foich cher evvalou neram akum?",tam,3
622,"jienyu general public lasons (jipel), grietive kamans (chice) akhiyawe erandu prabhlaman potu urimangalin vakaikas.",tam,3
623,itel unaku appati enna fiditthrukkintu?,tam,3
624,its woru mau idickum kallil alltu uralil boattu maup potiyak axum.,tam,3
625,"itu puttu, itsp botwak karubbuk kondike katlaiyudon chappiduom.",tam,3
626,enaku ibbodhu nineuku varukintu!,tam,3
627,"isidisi manllum ulagach chugadhar maiyatin airopeaa prantya aluvalagam pal mattangsil valanglait tirupividumaru marudvamanilukum aarambach chugatarach sevilukum valikatalss valangiyadu, avarkhil parichodanai nilich sevaikhal pradanmagap parichodanaikub payanbaduddhudal, viruppam charnt natamurigans rattusaithal, noyalixp prittut tanemipadudhudal, uliarlukqup pairchialippatan mulamum ventilators manllum badukkilack gootutan mulamum divirech sikichikana arbadugans membaduddhudal akhiyawe udpatum.",tam,3
628,"ind vanggil engity tanatu adhikar warambike cavittu, nitimurap panigarh woru nirvag nipunar kuluvidam oppaditatu.",tam,3
629,"pandurang bablial valikaran vadetil ulavaliyag anuppapadukiran, eninu binner avan sameerin unmai parkhik calvippattum gopalin pakkum serndukandu ravudihlitamrundhu danakattuch chandai seygiran, andach chandiin mudivil publi dhavarudalak gopalin pitttil kathyal kuddukhiran, gopal mayanki villukiran, eninu athangu munbu avan madhav, lucky manllum lakshmanidom kathy thotuveet wantam endu echarikiran, itu ant moondau nanbarganes sirik vaikkiritu.",tam,3
630,"mughau matipum selutoppatt nottus karuvul vrivuelak orbitt pattuada aluvalagattal karudapatum, adevele bakudiahu madipe selutoppatt nottuksum niragaricappatt nottuksum vanku visaranikurya ulvaru nottus enak karudapattu adanaketap natwatiky edukoppatum.",tam,3
631,"ondu, ungs company nijamagave irukkintu enpadaiakana aadharam.",tam,3
632,"15 september 2021 andu sarwatech jananayak dint ninaiukurum vitmak putudilliil ull natalumanow inipbuk kddittil india dunai janadhipati thiru em. vengaiya naidu, indiab pratamar thiru narendra moti, makalvai sabanayekaar thiru om birla akhiorine medgu munnelil sansat dolicadsi dodangappatatu.",tam,3
633,naan kuritu vaiddukh kolkiheen,tam,3
634,"naan erganave yennut annanidom chollividane, avarum unnu tickette book saitu vitar.",tam,3
635,"itu bhuviial, itel vellum malikes, nadihas, samudras, vanil, appuram devaillat angalthane irukkum.",tam,3
636,avarut kadabatratin payar pushkar naath pandit enpatu avarut tandain payar.,tam,3
637,"punjabin ovvoru nagarmum vevveru viruppangs konduldu, edutoukattak amritsar maluku amritsari kulchche, staftu paratta manllum pal akaras midhu tanip prium.",tam,3
638,binner thiruvalr eselel niruvanaton ore oppandam seyyapattu atu 22 march 1997 muthal natamuriku vandatu.,tam,3
639,"tarbodhu, valarchikan karanngan arivadangu mukhiamak porulatarach seyaltirnum (valarchi vikitham, jitipe-in villukadawk nidhippaxakurai, jitipe-in villukadawk arasukh gatan, jitipe-in villukadawk vari varwaii bhonrowai) samukach seyaltidhanume (vadhumay, arwattalu, velaivaifu nilai, makalin unavutt nilai bhonrowai) payanbaduttapadukindena.",tam,3
640,ride ki valeldaniki samayam ela kudurchukuntaw?,tel,4
641,"halo, nenu univarsity hostel nudi ji skver mall varaku valeldaniki cab book cheyada kos phone cheshan.",tel,4
642,"ellora utsavan, pune ganesh utsavan, gharapuri utsavan, murud (roigad) lo paryatak mahotsava taditras i utsavallo konni.",tel,4
643,"marshal arts, swimming, cricket, mo. atanu prayatninddaniki konni manchi kridle.",tel,4
644,vilainant tvarga tika veinchukuntan.,tel,4
645,nityam perugutunn prekshakulku one chhanal seval andistu undla vall telivijan programing tvarga santruptataku cherukundi.,tel,4
646,anti ni gol?,tel,4
647,"danivalle nenu plan kuda vadulukundan anukunnan, kani nuvvu gurthocchau.",tel,4
648,"adnanga, ayurveda mariyu jeevavedya vaidyul madhya samachar avarodha, ayurveda aushadhal mariyu chikitsal bhadrat mariyu samarthyalaku sambandhinchin atikoddi parishodhana panulu, mariyu sariponi vidhan prayatnalu ayurveda mariyu jeevavaidyam madhya kriyashil anusandhananni sadhinchadaniki mukhyamin avarodhal ani vaaru vyaktbaricharu.",tel,4
649,"na snehituram board parokshall chala baga chassindi, kabatti merit chuse ye antrance lo ayina tanu fast ragaldu.",tel,4
650,adi chessintt ayankaslu gurtu ledu.,tel,4
651,"rashtral variga nanyath bhinnanga unna, dadapu annitlonu, maulik sadupayal nanyath, manav vanarul upsthite, aushadhal saraphra, mariyu vratpoorvak namodulu asantrikranga unnti kanipinchai.",tel,4
652,"2021 september 15 na antarjatiya prajaswamy dinotsav sansmarnardha, new delhiloni parliament bhavan anex lo bharat uprashtrapati shri venkay nayu, bharat pradhani shri narendra modi, lok sabh spikar shri om birlal bhavy samakshanlo sansad tivi prarambhinchabadadi.",tel,4
653,"i bhavana chala matuku raddiga untundi, mari mukhyanga november nudi march varaku, andukante danni churdaniki adi manchi samayam.",tel,4
654,"maleshialo, rendav maleshia premior lig club rendav selanyor effsi kos aade hain htat auing, march adilo pidiarenesi to talpadin atlo mod vegal vandana chupinchadu.",tel,4
655,"bhu uparita nudi 60 maithal (100 kimi) aguvan, gas yokk rasayanik mishrama anedi attu mid balanga aadharita ayi, vatavrana telican vayuvulu (parmaanu oxygen, hilium, hydrogen) to samriddha avutundi.",tel,4
656,"sare sir, cheppandi anti vishyam?",tel,4
657,"dani karyanirvahak karyalaya mariyu ock science and program karyalayanto pat, ""vidhana, arogya dautyam mariyu samachar marpidi,"" ""nirvahan mariyu paripalan,"" ""paryavekshan mariyu vyadhi samachar,"" ""prayogshal vyavasthal mariyu netvaries,"" ""atyavasar paristateki sansiddhat mariyu pratispandan,"" mariyu ""prajarogya sansthal mariyu parishodhan"" vanti vatini nirvahinche anek vibhagal aa sansthalo unnai.",tel,4
658,"bharatvaesh pax pai ratna kiritmla amrchi unn kashmir kalalato dani rangulu marchukuntundi, shitakalamlo kondalapine manchu tivachis kappinpp, skiing mariyu sledge pine swari, vasantakalamlo mariyu vesavilo tene-manchu pands totel, all sarassulu i lowen adbhut andangal daniga chestai.",tel,4
659,nirnyalaku maddtunichche vidhnga falital samarpinchi sambhashinchada mudo sthai laksya.,tel,4
660,kavalsinavi ivi matramena?,tel,4
661,"aveunu, yusos smakdown tag-team champian, arche-bro ra tag team champian.",tel,4
662,"konni bhajanalu shatabdal nativi, anni prantallo prasiddhikekkinavi, mariyu sang paramparagatanga andipucchukunnvi kaaga, migilinvi kottaga rachinchabadinavi.",tel,4
663,miku edaina sahayam kawala?,tel,4
664,"i charyal yokk laksya kevalam ock vyakti chanipovadha anumanaspad paristhitullona lek asahajangana, ade ayite mritikigal agupade karna ento nirdharan cheyadame.",tel,4
665,tan arogya bimaa star health insurence.,tel,4
666,"pachchani aniyantrit paschim kanumal vent unde i ekanth samudrathiras, kolahalanga unde govaku vaari nishchala pratyamnay pratirupa.",tel,4
667,"chaitya chavari mundu bhagan shashinche varus ardh vrittakar chaitya archilato terachi unnachek mukhadvara kaligi untundi, alage, mari konnitilo shashinche chaitya archil gavakshan unddu.",tel,4
668,gadyam anedi uhinchadagin sambhashan inca vakyanirmananni anusarinche ock rakamin sahityam.,tel,4
669,"pranalik vese mariyu kattudilam chese yantranga lekapote, samajik, samskritik mariyu ardhik vakrikarnlato paryatak abhivruddhi antamavavacchu, ivi paryatkulu mariyu stanik prajal madhyalo bandhavyala pratibimbinchavacchu.",tel,4
670,"1261 (1999), 1265 (1999), 1296 (2000) mariyu 1314 (2000) tirmanas raddu chacin tarvat, 2000 october 31na yu an bhadrata mandali mahiies, shanti, bhadratalku sambandhinchin aikyarajyasmiti bhadrata mandali tirmana 1325 (ass/aries/1325)nu ekagrivanga aamodinchindi.",tel,4
671,"prakria vivrase ma redi reconlo churvacchu, dayachesi danni chuundi.",tel,4
672,ayanku padmashri vachchindi.,tel,4
673,adi manchi aalochan.,tel,4
674,janal antah dhimaga ela untaro ituvanti vishayall?,tel,4
675,"ma palsiku sambandhinchi meeru telusukovalkuntunnadi edaina, nenu sahayam chestanu.",tel,4
676,with dra chesukunnak inkent motta migili undo nenela telusukovali?,tel,4
677,mito ma abbai gurinchi konni vishayas churchinchadaniki vachchanu.,tel,4
678,"i vyakhyanas srushti puranaluga pani chestu, i aalochana vidhana ela vachchindi mariyu buddhudi bodhanla teliajesenduku daniki pratyek pramanikat anduku undi anedi vivaristai.",tel,4
679,"rend rakaal ribonds untai: afenciv ribonds, indulo afenciv paksha bantini tirigi pondi patt vidvadu, alage diphenciv ribonds, indulo dephending jattu vadilunn bantini aadhinanloki techchukuntundi.",tel,4
680,murikivadll maku 3 skullu unnai.,tel,4
681,"manchide, ambe ami telusukovali anukuntondi?",tel,4
682,raboye rojullo i virus taluku marinni bhayankarman roopantral vastayani anchana vestunnar.,tel,4
683,"prabhutvan vilainant sahayam andistundi, mukhyanga prajaln akkuvaga pattinchukoni gramin prantallo.",tel,4
684,"aruguru kalisi swarganiki bayaluderutaru kani margam madhyalo yudhisthir tapp andaru gatistar, svarg dwaral vaddaku cherin aayan vent ock chinn shunakmu untundi, adi dharmadevat yokk avatharamani telustundi.",tel,4
685,"kani ikkad naku sports kante akkuvaga nachchinadi inken ledu, anduke andulo cheran.",tel,4
686,"namaskara, nenu pan card kos darkhastu cheyadaniki vachchanu.",tel,4
687,"antaku minchi, yues konugoludarulu tam dabbuni videshall kharchu cheyatanii ishtapathar, vaari abhiman gamyasthanamin yuke lo (49%), aa taruvat chainalo (39%), canadalo (34%), hong kanglo (20%) mariyu austrailialo (18%).",tel,4
688,"2015 march 11na, ock pratyek sibiai nyayamurti da manmohan singh, mariyu shriyutulu hindalco, subend amitabh, de. bhattacharya, kumar mangala birla, mariyu pi. si. parakh anu aiduguru itar ninditulupai bhartiya shiksha smruti 1860 loni 120-bi mariyu 409 sekshani, mariyu aviniti nivardhak chatta yokk 13(1)(si), 13(1)(de)(3) sekshans krind ner vicharan jaripar.",tel,4
689,"viri chetulas, chalan chitra drushya swabhavanni chalavarku colpoi kevalam sahitya sambandhamin padalto nindin utpattiga migilipoindi.",tel,4
690,"kanuk, i paryavaran dinotsava nadu, i pradeshloni atavi prantanii meeru todpadalani korukuntunnan.",tel,4
691,memu chennailo unn antarjatiya lagjri brands.,tel,4
692,"addukunenduku golkipar ni matrame undanichchi, niyaminchabadd ock sabhyuri penalti spot nudi gol cheyadaniki anumatistar.",tel,4
693,malli ilanti avakash naku app wastendo telid.,tel,4
694,prati anubhuthani danito polchukovalani chustan.,tel,4
695,"chettinad vant style tamilnadu rashtraloni chettinad prantaniki chendin nattukottai chettiar, leda nagarattar ani varini vaaru piluchukone samudayaniki chendin vant style.",tel,4
696,"rendav bhagan kanvension (nibandhanalu 17-24) yokk nivedan mariyu paryavekshan, alage vatini amaluparichenduku bhagswamulu tisukune charyal niyantristundi.",tel,4
697,me phone number istara?,tel,4
698,pilll meddu kuda shantparustundi.,tel,4
699,ivanni vinadaniki chala bagunnai.,tel,4
700,pratiroju udyam na pani mughalupetthakamundu saadhan cheyadaniki prayatnistanu.,tel,4
701,idi sahaj jivavaran vyavasthal mid ottidi penchutundi.,tel,4
702,"nijme, kaani avaru pattinchukuntar?",tel,4
703,"mottamodat mintonet ane peru kaligin i aat, pedd vayasugal atgall bantini galllo nilupatanii kast sharirik prayasku yatninche saumy grihantargat kridaga roopondinchabadindi.",tel,4
704,varini vikalang otarlega namodu chestar.,tel,4
705,"audentity pruph, address pruph, alage puttin tedi pruph.",tel,4
706,adi naku nachchin paniki nannu malli daggar chestundnukuntunna.,tel,4
707,"ma annaki cheppesan, atanu me tickett book chesseshad kuda.",tel,4
708,"1980 taruvati ratshirak mariyu japhy hayanx paroksh palkul praivetikarannu, vyavasay marketing boardul radducheyadanni, videshi pettubadulku anuvuga viriviga pettubadi vidhan dhruvikrinchadanni, banking rang praivetikarannu, sampraday pradhan utpatti agumtul vidhikarannu, mariyu ahara utpattilo marint hechch pettubadini paryavekshinchai.",tel,4
709,adrushta koddi kharchulanitini arogya bimaa chellinchindi.,tel,4
710,"1999 lo sumaru 1 laksh 60 vel mandi paryatkulu cuba sandarshincharani, tadwara $1.9 billian stul aadaya labhinchindni cuba adhikaarul anchana.",tel,4
711,glutain free french aaniyan soup undi.,tel,4
712,"nijaniki, naku, ma ammyi.",tel,4
713,"chala bagundi, nuvvu indulo palgonavalsinde.",tel,4
714,"sanskrit sahityamo mul ane padaniki sadharan ardha mokk leda chett veru, kani upamananga, adi padamu leda denikaina diguv bhagan leda adugu.",tel,4
715,"aveunu, vadhu varulani, vaari vaari tarpun mugguru sakshulani afisuki pilipinchi i petali jaripistar.",tel,4
716,"aveunu, nuvvu olimpianve, kaani dani nudi niku en wastendi?",tel,4
717,i roju akkadunnavu?,tel,4
718,paddanimidi rashtras mariyu uty lalo bi piel diguvan unn 46 lakshalku paga kutumbalaku bayometric smart cardulu jari cheyabadinavi.,tel,4
719,"kabatti, me niojakvargtlo otoruga namodu chesukuni unte, nuvvu akkadunna, otu veyadaniki nuvvu me niojakvarganiki ravalsi untundi.",tel,4
720,ikkad edu sitle gal ekasabh cocos (kiling) islands shair kaunsil kuda undi.,tel,4
721,"niku chaselu ishtamaite, assam watil tenga chapel vantaka niku nachchutundi.",tel,4
722,chala utsukataga undi.,tel,4
723,"inca, chikitsaparamin upayogas kakunda, radioesotop danini vineoginche samayaulo anukokunda radiodharmikat vidudal kakunda unddaniki danini chochchukupoleni rupanloki marustar.",tel,4
724,present aarthikaparamin charchl sanghik mariyu aarthik nirvahan madhyalo santulananiki akkuvaga moggu chuputu paryavaran nirvahan pat vat pratispandanal kont nirlakshya chestunnai.,tel,4
725,vatavaran marpu anedi konni vyavasay prantal utpattiki akkuv anukulanga chestundi mariyu migta prantal takkuvaga.,tel,4
726,"alage, navadd okati undi.",tel,4
727,"app, aayan nalugo sthanaion nilichinapp, dadapu 40 ell pat baddalukottani bharat jaatiya ricard nelakolpad.",tel,4
728,idi baundi!,tel,4
729,clymaks shutingulo sambali edchesindni kuda chadivan.,tel,4
730,"ledu, aslu wariken pattindi?",tel,4
731,"tredamarkulo dani brands leda vanijyasansthan itar brands leda vanijyasansthal nudi veru chese atuvanti drushyapratik, pada, peru, rupurekh, ninada, vivaran chit, mo. vi untai.",tel,4
732,namanirdisht vyaktini marche phurti prakriakai ekac yajmani mariyu namanirdisht vyakti aiency-3 mariyu aiency-4 ane rend patras amalu parchavalsi untundi.,tel,4
733,"china nishiddhanga bhavinche vishayalapai centrikrutmin i vyasallo, 1989 tiyananmen skver narmedha, chirman mao jedang kalchral revalyushan, prajaswamyankai hong kong porata, mariyu jingshang, tibets jatiparmin udriktats unnai.",tel,4
734,new indian cinema vanti marint navin drushtikonal sampradayak baliod kalatmakat nudi veru padata uddeshyanga pratyakashamvutai.,tel,4
735,ayan chivari kshana varaku manavjatiki udaharanto mariyu achranto sevanandincharu.,tel,4
736,"mrittika lakshanchitranalo bhautikshastramu, vatavaranmu mariyu aa prantaloni vriksha sampad aadharanga vibhinn rakaal matti gurtimpu, vivaran mariyu varnan, kshetrasthai pani mariyu prayogshal dattanshm dwara nirdharan mariyu pramanic patampai chitrikaran untai.",tel,4
737,"panivadi veshulo gattlo babli pampin hantk pandurang , taruvat samir gurinchin nijanni telusukuni gopal pakshan cheri dundgul odistadu, aa porata anukokunda gopal nu babli prushtabhaganlo kattipot podevaga atanu spruh colpovadanto chivraku aa jagau mugustundi, ayite antaku munde madhav, lakki, mariyu lakshmans aa kattini takavaddani hechcharinchi undadanto mugguru mitrulu navvukuntu undipothar.",tel,4
738,vanarulan vetakapha koraku ock public-praivet bhagswamyam (pipipi) vidhana uttamanga saripotundi.,tel,4
739,"aveunu, rendo second iyarlo unnan.",tel,4
740,adi chala baga anipistundi!,tel,4
741,ni karuki peru pettali.,tel,4
742,"inuvit ki chendin sampradayak gathal, aacharah, mariyu nishedhal tarchu vaari uttardhruvaprant kathin vatavrana kaliginche pramadalku mundu jagrattal.",tel,4
743,bharat ku prayaninchadaniki anumati pondenduku i-visa bharat praman patras kuda avasaramuntai.,tel,4
744,"phurti viluv chellinche nots arbiai jari karyalaya dwara bhandagar chellimpuluga pariganinchabadtai, ade samayaulo sagan viluv chellinche nots mariyu nirakarinchabadd nots nyayabaddha nirnayaniki pratipadinchabadin notega pariganinchabadi tadanugunanga vyavaharinchabadtai.",tel,4
745,asansol prakk nudi nuniya mariyu gauri ane rend chinn erulu pravahistai.,tel,4
746,rendito chala teda undi kani i akar danni gurtu chestondi.,tel,4
747,swine flu dadul tarvat anek nullku tamiflu (ockeltamivir) yokk sadharan roopantara bhartiya marketlo andubatuloki vachchindi.,tel,4
748,"chellimpul khatan sthirapargtanii, madhyasth vaddi shatal mariyu carporate pettubadul kos bahya muladhanpu sthiramain pravahanni konsaginchadaniki idi chala avasaram.",tel,4
749,"vitello ahara leda nitini tisukovailo taggudal, mandgati, kall nudi nitivanti leda polypoin telupu rangu shlesh srava, kallu vachi arrbadta, mariyu asahaj malam (rangu mariyu rupa) undavacchu.",tel,4
750,nuvvu ala anukuntene.,tel,4
751,"utprerka yokk utprerak charya colomananiki wade katal, esai nudi tisukobadin unit, dinini kshananiki mols choppun lekkistar.",tel,4
752,edo okaroju adi kuda prayatninchi chustanu.,tel,4
753,"adi nudils to tayaruchese arunachal pradesh vantaka, indulo vese padarthas pappu nudi edaina masa varaku marutu untai.",tel,4
754,"aveunu, gantal tarbadi orisha tuphanu gurinchi taaja varthal chustu unnan.",tel,4
755,"inca, ye rogyna, biessenel ki appaginchin kots nimishal kals nu ockk pioai nirvahan chapadutundi, ik atuvanti paristatelo, ye kal yatharthaminadi, yedi si. el. ai. rahit kal lek cherrgottabadd sielai do telusukonut vanijyaparanga sadhyam kad.",tel,4
756,"udaharanku, john polkinghorn 'bhavadharith' lek 'gyanadharith' taggimpuvadanga perkonnadi, semone blackbern mariyu jeguon kim ichchin nirvchana: ock vidhmain charchku chendin vastaval lek nijal, marok vidhnto marpidi chessi, tadwara aa rendity madhyalo sambandhanni erpat cheyata taggimpuvada yokk ock rupa.",tel,4
757,ye shailini anchukovali ardha kavatled.,tel,4
758,"2015 lo, i parishram nudi bharatvarshaniki vachchin videshi marak sampadan 16.94 billian dollars.",tel,4
759,"vahana kadulutu undga hathattuga break veyada, vinyasal cheyada leda pramada vantivi sambhvinchinapp biginchi kattabadni si.ar. ass vahan lopalibhagam gunda dusukupogaldu.",tel,4
760,konni ransamvertha spam maillas imaile atachmentluga pampabadtai.,tel,4
761,"halo, adbhutanga undindi.",tel,4
762,miku inkemaina sahayam andinchagalna?,tel,4
763,"renyu scalarshiple kakunda, kottave motta 60,000 scalarshiple ivvalann laksya undi.",tel,4
764,"kamanvalt bayati deshal indulo sabhyulu ayyenduku vies kalipinchenduku imperial cricket kanference perun interneshnal cricket kanference ga (taruvat, kaunsil ga) marchada jarigindi.",tel,4
765,nuvvu chaduvukovalante anno sahitya rachanalunnai.,tel,4
766,"interneshnal trade center dwara anek karyakramas nirvahinchabadutunnai, ivi chinn vyaparah mariyu parishramikavettal avasarase nokkicheppy, digital tredga edige samayaulo wariki maddatu istai: mena prantaloni yuvatku avakashalu, asdigies-photo pradarshan koraku chiru vyaparah, kridallo yuv vyavasthapakulu, mahillapai pettubadi pettada vantivi.",tel,4
767,"oh, ant drudamin vyaktitvamo!",tel,4
768,antransullo mimmalni vakcin sartiphicatt adugutharu.,tel,4
769,"nuvvu cheppindi nijme ayyudali, i paddhati konni sar sayapadutundi.",tel,4
770,"atani kutumb vyapaarasansth, sino-thai engineering and kanstrakshan piciel, bankachloni suvarnabhumi air port vanti anek bhari prabhutva projectula nirminchindi.",tel,4
771,"telusu, na snehitudokad o aidell krita web diginenglo deploma chesad.",tel,4
772,sare. mari rendav dani sangatenti- shilpkala?,tel,4
773,"kamanvalt kridallo vyaktigat swarna pataka geluchukunn ekac kridakar milkha singh undevar, kani 2010 kamanvalt kridallo, 52 ell taruvat krishna punia bharatku mahill disease trolo swarna pataka gelychi, kamanvalt kridallo athletics lo swarna gelichin toli mahilga charitra srustinchindi.",tel,4
774,"ante, nuvvu chuse vatavaran paristhitulu, pradeshal, kattdal, inca antento samachar niku aa pradeshal churdaniki bayati valelinpp upayog padutunda?",tel,4
775,"sikh mata svayn niyanthran mariyu mitaharanni protsahistundi, anaga pastulunderad, atiganu tinrad.",tel,4
776,chala thanks!,tel,4
777,"sarukulani, vedya sadupayalani, mandulu, atyavasaramin wasteul rupao anno sansthal, app avasaramaite app prajalku sayam andistunnar.",tel,4
778,dinni bayataki tisinppudlla sigguto chachchipovali.,tel,4
779,rakarkal chitkalato swantanga aa vishayanni marint asaktikaranga ela malchukogalamann dani mid aadharpari untundi.,tel,4
780,"prapanch aarthik sankshobha erpadinappati nudi, prabhutva rangam marint, merugan samachar sekarinchi adrushya balahinatal anveshistundi.",tel,4
781,"kondar agents ticket blakulo ammutunnar, watil nudi vini untaw.",tel,4
782,kovine vebcitlo ni peru namodu chesukunnav anukunta.,tel,4
783,nenu antrance ki daggarlone unn main kampus lo aduru chustanu.,tel,4
784,"devas oppanda mid appatike santaka cheyabadinppatiki, anek seva pradats upagrah samarthyanni upayoginchukune asakti kaligi unnti 2005 novemberlo kabinetku tapp samachar ivvabadindi.",tel,4
785,"kabatti, bhu vanarulu mariyu vat samarthya/parimitulu/samarthatal gurinchin samagr samachar anedi aa praant abhivruddhi, parivatik prantallo nail sanrakshan, susthir vyavasayam, parivatik nirvahan, kshininchin bhoomul punaruddharan modalgunatuvanti vividh prayojnal nimitta avasaramvutundi.",tel,4
786,"dinni puttu antar, dinni memu mamuluga nall shangaltopat tintam.",tel,4
787,"ayite adi bharatlo me 9 avutundi, karyakram udyam 5:30ku modalvutundi.",tel,4
788,"marusati roju kos, otarlega me kutumb sabhyul anubhaval gurinchi varito matladandi.",tel,4
789,"prayan patrala passport, visa, dravya dhruvapatra, leda passport lo dravya aamoda, prayan bimaa, aaday pannu nivedikalu, arogya dhruvapatras, mo. vi. untai.",tel,4
790,sir kast ma pradarshanani chusi me viluvan abhiprayanni kament baksulo andinchandi.,tel,4
791,"naku maithal koddi nadapata ishtan, ade na abhiruchi.",tel,4
792,"bhavisyattulo saulabhyam kos, kampaslo ma seval pondenduku meeru ock yapni vadvachchu.",tel,4
793,naku sayam chestara?,tel,4
794,"vinikidi lopangal vyaktulu sadharannga noti matato sambhashistar, mariyu vinikidi parikaras, kaclear amrikal, itar sadhanas, alage shirshikal vall labdi pondagalru.",tel,4
795,"1997lo sanyo ""pioessiepi"" palimar tantelu chipsto anusarinchindi.",tel,4
796,"nenu i pradeshal gurinchi ippatike chala chadivi unnan, inca poinsari aurangabadku valeldaniki naku samayam saripoledu.",tel,4
797,"gurtunda, edadi kindat me kolig biknu kalcharu.",tel,4
798,bharatvaesha gopp vaividhya-vyatyasabharit bhumi.,tel,4
799,repe ambedkar jayanti!,tel,4
